ID,NAME,LATITUDE,LONGITUDE,TIMEZONE
00100,M89,-93.06583,-93.06583,-6
00101,KQHT,74.483,74.483,6
00102,IAN,-160.433,-160.433,-9
00103,IWK,-168.1,-168.1,-9
00104,FSP,-154.367,-154.367,-9
00105,MDM,-162.033,-162.033,-9
00106,IIK,-161.233,-161.233,-9
00107,KNW,-157.333,-157.333,-9
00108,SCM,-165.567,-165.567,-9
00109,MBA,-159.05,-159.05,-9
00110,OUL,-161.167,-161.167,-9
00111,2C7,-161.224,-161.224,-9
00112,JZZ,-157.267,-157.267,-9
00113,D76,-161.022,-161.022,-9
00114,8S0,-113.117,-113.117,-7
00115,L35,-116.854,-116.854,-8
00116,FYG,-91,-91,-6
00117,O54,-122.922,-122.922,-8
00118,TMK,-123.817,-123.817,-8
00119,CLS,-122.983,-122.983,-8
00120,JFZ,-81.8,-81.8,-5
00121,RYN,-111.167,-111.167,-7
00122,UCP,-80.417,-80.417,-5
00123,SMK,-162.11,-162.11,-9
00124,W29,-76.333,-76.333,-5
00125,BDH,-95.133,-95.133,-6
00126,2W6,-76.55,-76.55,-5
00127,BEA,-97.717,-97.717,-6
00128,HOE,-82.767,-82.767,-5
00129,HRX,-102.333,-102.333,-6
00130,PEZ,-98.517,-98.517,-6
00131,UNI,-82.233,-82.233,-5
00132,Y50,-89.3,-89.3,-6
00133,CCA,-92.45,-92.45,-6
00134,CWC,-98.483,-98.483,-6
00135,DVO,-122.55,-122.55,-8
00136,MQS,-75.867,-75.867,-5
00137,AXX,-105.29,-105.29,-7
00138,1M4,-87.6,-87.6,-6
00139,4I3,-82.517,-82.517,-5
00140,FFX,-86,-86,-5
00141,IDP,-95.778,-95.778,-6
00142,PTS,-94.733,-94.733,-6
00143,SYF,-101.8,-101.8,-6
00144,DVK,-84.77,-84.77,-5
00145,I39,-84.333,-84.333,-5
00146,IOB,-83.983,-83.983,-5
00148,BXA,-89.867,-89.867,-6
00149,HFJ,-94.017,-94.017,-6
00150,GWR,-97.633,-97.633,-6
00151,CDA,-72.017,-72.017,-5
00152,FSO,-73.1,-73.1,-5
00153,FCI,-77.517,-77.517,-5
00154,PVG,-76.45,-76.45,-5
00155,XSA,-76.883,-76.883,-5
00156,JFX,-87.314,-87.314,-6
00157,33V,-106.267,-106.267,-7
00158,AJZ,-108.067,-108.067,-7
00159,ANK,-106.05,-106.05,-7
00160,BDU,-105.217,-105.217,-7
00161,EIK,-105.05,-105.05,-7
00162,FMM,-103.8,-103.8,-7
00163,HEQ,-102.267,-102.267,-7
00164,LMO,-105.167,-105.167,-7
00165,PSO,-107.05,-107.05,-7
00166,RYW,-97.967,-97.967,-6
00167,GWB,-85.067,-85.067,-5
00168,STK,-103.267,-103.267,-7
00169,SNC,-72.506,-72.506,-5
00170,05U,-116,-116,-8
00171,CXP,-119.733,-119.733,-8
00172,HHW,-95.533,-95.533,-6
00173,TYQ,-86.251,-86.251,-5
00174,EDU,-121.783,-121.783,-8
00175,RFI,-94.85,-94.85,-6
00176,BKD,-98.892,-98.892,-6
00177,CVB,-98.85,-98.85,-6
00178,LDJ,-74.25,-74.25,-5
00179,14Y,-94.867,-94.867,-6
00180,21D,-92.85,-92.85,-6
00181,APY,-99.25,-99.25,-6
00182,Y63,-95.992,-95.992,-6
00183,PVB,-90.45,-90.45,-6
00184,IYA,-92.084,-92.084,-6
00185,EZS,-88.55,-88.55,-6
00186,CQF,-87.877,-87.877,-6
00187,OXI,-86.667,-86.667,-5
00188,MCJ,-95.383,-95.383,-6
00189,EOE,-81.633,-81.633,-5
00190,LUX,-81.95,-81.95,-5
00191,MKS,-80.033,-80.033,-5
00192,DCM,-81.2,-81.2,-5
00193,AIK,-81.683,-81.683,-5
00194,BNL,-81.383,-81.383,-5
00195,CDN,-80.567,-80.567,-5
00196,CKI,-79.85,-79.85,-5
00197,CQW,-79.95,-79.95,-5
00198,JZI,-80.003,-80.003,-5
00199,LKR,-80.85,-80.85,-5
00200,MAO,-79.335,-79.335,-5
00201,RBW,-80.633,-80.633,-5
00202,SMS,-80.367,-80.367,-5
00203,ARW,-80.6343,-80.6343,-5
00204,HYW,-79.122,-79.122,-5
00205,LHM,-121.351,-121.351,-8
00206,O22,-120.417,-120.417,-8
00207,BBG,-93.2,-93.2,-6
00208,TME,-95.9,-95.9,-6
00209,0F2,-97.783,-97.783,-6
00210,0A9,-82.167,-82.167,-5
00211,MDS,-97.086,-97.086,-6
00212,BKN,-97.35,-97.35,-6
00213,BPC,-101.033,-101.033,-6
00214,GZL,-95.1,-95.1,-6
00215,RCE,-97.817,-97.817,-6
00216,IKW,-84.261,-84.261,-5
00217,BBP,-79.733,-79.733,-5
00218,DYB,-80.279,-80.279,-5
00219,HVS,-80.117,-80.117,-5
00220,FDW,-81.109,-81.109,-5
00221,CMR,-112.2,-112.2,-7
00222,GLY,-93.683,-93.683,-6
00223,AXH,-95.477,-95.477,-6
00224,BDN,-121.2,-121.2,-8
00225,DZB,-98.367,-98.367,-6
00226,BXK,-112.683,-112.683,-7
00227,PVF,-120.75,-120.75,-8
00228,HAF,-122.501,-122.501,-8
00229,LZZ,-98.196,-98.196,-6
00230,EDC,-97.567,-97.567,-6
00231,IXA,-77.635,-77.635,-5
00232,MRT,-83.352,-83.352,-5
00234,4M9,-90.65,-90.65,-6
00235,CGC,-82.567,-82.567,-5
00236,C29,-89.533,-89.533,-6
00237,04W,-92.895,-92.895,-6
00238,D39,-94.933,-94.933,-6
00239,OZA,-101.203,-101.203,-6
00240,Y70,-85.061,-85.061,-5
00241,Y51,-90.913,-90.913,-6
00242,IPN,-87.983,-87.983,-6
00243,GBK,-92.2,-92.2,-6
00244,SPR,-91.2,-91.2,-6
00245,MYT,-89.617,-89.617,-6
00246,EMK,-94.317,-94.317,-6
00247,GUL,-93.533,-93.533,-6
00248,JES,-81.883,-81.883,-5
00249,CTJ,-85.15,-85.15,-5
00250,TMA,-83.489,-83.489,-5
00251,VES,-84.532,-84.532,-5
00252,PUJ,-84.941,-84.941,-5
00253,MDJ,-89.794,-89.794,-6
00254,EHC,-92.883,-92.883,-6
00255,VBS,-93.633,-93.633,-6
00256,SCF,-91.867,-91.867,-6
00257,VNP,-92.367,-92.367,-6
00258,E80,-106.834,-106.834,-7
00259,GVX,-94.977,-94.977,-6
00260,HQI,-93.671,-93.671,-6
00261,MIU,-96.733,-96.733,-6
00262,MZG,-96.183,-96.183,-6
00263,5C1,-98.695,-98.695,-6
00264,MAN,-116.523,-116.523,-7
00265,RCR,-86.182,-86.182,-5
00266,46D,-99.151,-99.151,-6
00267,TVI,-83.881,-83.881,-5
00268,MNE,-93.298,-93.298,-6
00269,BVU,-114.861,-114.861,-8
00270,FTN,-100.019,-100.019,-6
00271,LQK,-82.7,-82.7,-5
00272,VAF,-94.633,-94.633,-6
00273,9A1,-83.85,-83.85,-5
00274,0VG,-83.218,-83.218,-5
00275,STF,-88.849,-88.849,-6
00276,COM,-99.404,-99.404,-6
00277,9A4,-87.349,-87.349,-6
00278,JVW,-90.411,-90.411,-6
00279,RTS,-119.876,-119.876,-8
00280,FLY,-104.57,-104.57,-7
00281,06D,-99.621,-99.621,-6
00282,20U,-103.982,-103.982,-7
00283,2C8,-97.632,-97.632,-6
00284,4A6,-86.006,-86.006,-6
00285,9D7,-99.236,-99.236,-6
00286,BCK,-90.855,-90.855,-6
00287,D50,-103.297,-103.297,-6
00288,D55,-98.393,-98.393,-6
00289,D60,-102.898,-102.898,-6
00290,ETC,-77.547,-77.547,-5
00291,GAF,-97.371,-97.371,-6
00292,HZE,-101.581,-101.581,-7
00293,RUG,-100.024,-100.024,-6
00294,S25,-103.254,-103.254,-6
00295,VER,-92.683,-92.683,-6
00296,Y19,-100.894,-100.894,-7
00297,D25,-89.883,-89.883,-6
00298,D95,-83.267,-83.267,-5
00299,DED,-81.283,-81.283,-5
00300,08D,-102.406,-102.406,-6
00301,BAC,-98.018,-98.018,-6
00302,VOA,-87.783,-87.783,-6
00303,GHB,-91.983,-91.983,-6
00304,EIR,-91.483,-91.483,-6
00305,CMB,-92.983,-92.983,-6
00306,XIH,-94.517,-94.517,-6
00307,MIS,-100.617,-100.617,-7
00308,OPM,-96.933,-96.933,-6
00309,CRH,-93.3,-93.3,-6
00310,65S,-116.295,-116.295,-8
00311,CRX,-88.604,-88.604,-6
00312,ATP,-90.033,-90.033,-6
00313,BMT,-94.216,-94.216,-6
00314,CKM,-90.512,-90.512,-6
00315,DLZ,-83.115,-83.115,-5
00316,UBE,-91.981,-91.981,-6
00317,1R7,-90.409,-90.409,-6
00318,7L2,-100.245,-100.245,-6
00319,2V5,-102.233,-102.233,-7
00320,O69,-122.6,-122.6,-8
00321,2D5,-98.083,-98.083,-6
00322,5H4,-99.933,-99.933,-6
00323,AHQ,-96.6,-96.6,-6
00324,EDJ,-83.817,-83.817,-5
00325,2J9,-84.557,-84.557,-5
00326,FHB,-81.467,-81.467,-5
00327,S32,-98.106,-98.106,-6
00328,ACJ,-84.189,-84.189,-5
00329,H21,-92.691,-92.691,-6
00330,SBO,-82.37,-82.37,-5
00331,VKY,-88.441,-88.441,-6
00332,VQT,-92.264,-92.264,-6
00333,XPY,-90.2,-90.2,-6
00334,I35,-83.358,-83.358,-5
00335,6A1,-84.251,-84.251,-5
00336,GGP,-86.375,-86.375,-5
00337,EZM,-83.128,-83.128,-5
00338,TDR,-85.533,-85.533,-6
00339,6A2,-84.275,-84.275,-5
00340,5W8,-79.504,-79.504,-5
00341,JPD,-107.167,-107.167,-7
00342,FWZ,-108.783,-108.783,-7
00343,MN33,-92.483,-92.483,-6
00344,BGF,-86.066,-86.066,-6
00345,LSB,-108.691,-108.691,-7
00346,O86,-122.694,-122.694,-8
00347,PPO,-86.735,-86.735,-6
00348,THA,-86.246,-86.246,-6
00349,E11,-102.53,-102.53,-6
00350,FZG,-83.27,-83.27,-5
00351,T35,-96.971,-96.971,-6
00352,AZE,-82.647,-82.647,-5
00353,TBX,-108.389,-108.389,-7
00354,GPH,-94.31,-94.31,-6
00355,CNI,-84.417,-84.417,-5
00356,CGE,-76.033,-76.033,-5
00357,MNZ,-98.149,-98.149,-6
00358,CGS,-76.922,-76.922,-5
00359,UXL,-93.376,-93.376,-6
00360,OBE,-80.85,-80.85,-5
00361,GLW,-85.95,-85.95,-6
00362,GOP,-97.8,-97.8,-6
00363,RCM,-93.8,-93.8,-6
00364,OJA,-98.667,-98.667,-6
00365,TFP,-97.2,-97.2,-6
00366,CWV,-81.87,-81.87,-5
00367,HWY,-77.711,-77.711,-5
00368,96D,-97.903,-97.903,-6
00369,NXF,-117.456,-117.456,-8
00370,NBT,-76.46,-76.46,-5
00371,MNI,-80.209,-80.209,-5
00372,SRB,-85.531,-85.531,-6
00373,CDH,-92.767,-92.767,-6
00374,PAN,-111.339,-111.339,-7
00375,SEZ,-111.783,-111.783,-7
00376,3MW,-106.76,-106.76,-7
00377,INF,-82.317,-82.317,-5
00378,6R3,-95.008,-95.008,-6
00379,XLL,-75.483,-75.483,-5
00380,POV,-81.25,-81.25,-5
00381,3R7,-92.673,-92.673,-6
00382,TOC,-83.296,-83.296,-5
00383,AFP,-80.083,-80.083,-5
00384,MGC,-86.282,-86.282,-5
00385,7BM,-106.217,-106.217,-7
00386,SPF,-103.783,-103.783,-7
00387,GCD,-118.967,-118.967,-8
00388,RZL,-87.05,-87.05,-5
00389,M40,-88.49,-88.49,-6
00390,LRO,-79.783,-79.783,-5
00391,GGE,-79.317,-79.317,-5
00392,CVH,-121.417,-121.417,-8
00393,TER,-166.35,-166.35,-9
00394,19A,-83.561,-83.561,-5
00395,E16,-121.597,-121.597,-8
00396,FOT,-124.133,-124.133,-8
00397,GOO,-121.003,-121.003,-8
00398,PSE,-66.55,-66.55,-4
00399,TNCM,-63.11472,-63.11472,-4
00400,TNCE,-62.98028,-62.98028,-4
00401,TFFR,-61.6,-61.6,-4
00402,TDPD,-61.3,-61.3,-4
00403,TDCF,-61.383,-61.383,-4
00404,TFFF,-61,-61,-4
00405,TLPC,-61,-61,-4
00406,TLPL,-60.95,-60.95,-4
00407,TVSV,-61.2,-61.2,-4
00408,TBPB,-59.483,-59.483,-4
00409,TGPY,-61.783,-61.783,-4
00410,TTCP,-60.833,-60.833,-4
00411,TNCA,-70.017,-70.017,-4
00412,TNCC,-68.967,-68.967,-4
00413,TNCB,-68.283,-68.283,-4
00414,NZPG,166.517,166.517,11
00415,42J,-82.04752,-82.04752,-5
00416,LUA,-78.50111,-78.50111,-5
00417,M46,-106.70927,-106.70927,-7
00418,SPL,-97.15,-97.15,-6
00419,0CO,-105.766,-105.766,-7
00420,1B7,-89.433,-89.433,-6
00421,2I0,-87.4,-87.4,-6
00422,4BM,-105.516,-105.516,-7
00423,5R8,-93.47361,-93.47361,-6
00424,5SM,-107.38333,-107.38333,-7
00425,6B0,-73.09547,-73.09547,-5
00426,82V,-104.13475,-104.13475,-7
00428,ADF,-93.066,-93.066,-6
00429,AIB,-108.56327,-108.56327,-7
00430,ANQ,-85.08349,-85.08349,-5
00431,ASL,-94.3077,-94.3077,-6
00432,AXO,-89.966,-89.966,-6
00433,BAN,-119.519,-119.519,-8
00434,BBF,-103.58333,-103.58333,-7
00435,BQX,-95.716,-95.716,-6
00436,BTA,-96.10861,-96.10861,-6
00437,CEY,-88.37277,-88.37277,-6
00438,CFD,-96.33136,-96.33136,-6
00439,CKF,-83.77391,-83.77391,-5
00440,CMD,-85.85802,-85.85802,-6
00441,DCY,-87.12973,-87.12973,-5
00442,DLP,-89.55,-89.55,-6
00443,DUB,-109.69025,-109.69025,-7
00444,DWX,-107.49252,-107.49252,-7
00445,DYA,-87.95405,-87.95405,-6
00446,ECS,-104.3179,-104.3179,-7
00447,K44,-95.82835,-95.82835,-6
00448,F46,-96.43548,-96.43548,-6
00449,FBR,-110.40597,-110.40597,-7
00450,FTG,-104.5376,-104.5376,-7
00451,FWB,-93.4022,-93.4022,-6
00452,GIC,-116.12341,-116.12341,-8
00453,GRY,-90.45,-90.45,-6
00454,H78,-88.48333,-88.48333,-6
00455,HAE,-91.44386,-91.44386,-6
00456,HHV,-94.68333,-94.68333,-6
00457,HZR,-91.4786,-91.4786,-6
00458,I69,-84.21022,-84.21022,-5
00459,IKT,-88.28333,-88.28333,-6
00460,KL38,-90.94061,-90.94061,-6
00461,LXY,-96.51445,-96.51445,-6
00462,MJX,-74.2923,-74.2923,-5
00463,MRC,-87.17913,-87.17913,-6
00464,OCQ,-87.90977,-87.90977,-6
00465,OLE,-78.37136,-78.37136,-5
00466,OPL,-92.09938,-92.09938,-6
00467,OWP,-96.15183,-96.15183,-6
00468,PCW,-82.86948,-82.86948,-5
00469,PLU,-122.28719,-122.28719,-8
00470,PMV,-95.91735,-95.91735,-6
00471,PRS,-104.36149,-104.36149,-6
00472,KQHT,74.46666,74.46666,6
00473,KQIR,51.31666,51.31666,3
00474,RNV,-90.75788,-90.75788,-6
00475,SAA,-106.82752,-106.82752,-7
00476,SJS,-82.63669,-82.63669,-5
00477,T20,-97.4643,-97.4643,-6
00479,TSP,-118.4393,-118.4393,-8
00480,U16,-113.06,-113.06,-7
00481,U19,-112.36313,-112.36313,-7
00482,VNC,-82.44033,-82.44033,-5
00483,7N0,-90.08273,-90.08273,-6
00484,W43,-104.56783,-104.56783,-7
00485,XFL,-81.20633,-81.20633,-5
00486,ZPH,-82.15592,-82.15592,-5
00487,NFTF,-175.15,-175.15,13
00488,NZWN,174.8,174.8,12
00489,FRN,-149.6533,-149.6533,-9
00490,SHG,-157.16241,-157.16241,-9
00491,APT,-85.5853,-85.5853,-6
00492,MAJ,171.27194,171.27194,-8
00493,TTK,162.95333,162.95333,12
00494,SIG,-66.09847,-66.09847,-4
03011,TEX,-107.9,-107.9,-7
03012,SKX,-105.66667,-105.66667,-7
03013,LAA,-102.68806,-102.68806,-7
03014,4SL,-107.1813,-107.1813,-7
03016,RIL,-107.71972,-107.71972,-7
03017,DEN,-104.6575,-104.6575,-7
03024,BGD,-101.395,-101.395,-6
03026,ITR,-102.28417,-102.28417,-7
03027,CQC,-105.66278,-105.66278,-7
03028,SPD,-102.61389,-102.61389,-7
03029,RQE,-109.06139,-109.06139,-7
03030,GUY,-101.50528,-101.50528,-6
03031,ODO,-102.38667,-102.38667,-6
03032,6R6,-102.21306,-102.21306,-6
03033,0E0,-106,-106,-7
03034,AEG,-106.795,-106.795,-7
03035,ATS,-104.4675,-104.4675,-7
03036,BDG,-109.48306,-109.48306,-7
03037,CBK,-101.04639,-101.04639,-6
03038,CCU,-106.15,-106.15,-7
03039,CPW,-106.8,-106.8,-7
03040,MNH,-104.63333,-104.63333,-7
03041,MYP,-106.31667,-106.31667,-7
03042,VTP,-105.16667,-105.16667,-7
03043,ADT,-101.04194,-101.04194,-6
03044,BPG,-101.52139,-101.52139,-6
03045,PYX,-100.74972,-100.74972,-6
03047,B140,-102.8071,-102.8071,-6
03048,C7D0,-106.8859,-106.8859,-7
03049,E38,-103.68333,-103.68333,-6
03050,SNK,-100.95056,-100.95056,-6
03051,3K7,-101.35333,-101.35333,-6
03052,PPA,-100.99639,-100.99639,-6
03053,5T6,-106.71722,-106.71722,-7
03054,71AA,-102.774,-102.774,-6
03055,812E,-101.595,-101.595,-6
03056,GNC,-102.65444,-102.65444,-6
03058,PEQ,-103.51083,-103.51083,-6
03059,SOA,-100.64861,-100.64861,-6
03060,D152,-107.6928,-107.6928,-7
03061,67E6,-108.5035,-108.5035,-7
03062,B47A,-106.5214,-106.5214,-7
03063,E4C8,-103.8224,-103.8224,-7
03064,AEJ,-106.07,-106.07,-7
03065,BJC,-105.11667,-105.11667,-7
03067,527C,-100.9627,-100.9627,-6
03068,ABH,-104.3,-104.3,-7
03069,O4V,-106.16889,-106.16889,-7
03070,DUX,-102.01306,-102.01306,-6
03071,MDD,-102.10111,-102.10111,-6
03072,326E,-100.2495,-100.2495,-6
03073,DKR,-95.40389,-95.40389,-6
03074,F284,-106.7414,-106.7414,-7
03075,039C,-107.0003,-107.0003,-7
03076,8772,-108.7353,-108.7353,-7
03077,8588,-109.8927,-109.8927,-7
03078,C478,-102.5025,-102.5025,-7
03079,A19E,-106.1709,-106.1709,-7
03080,2570,-108.7771,-108.7771,-7
03081,4096,-111.9775,-111.9775,-7
03082,E294,-105.8945,-105.8945,-7
03083,651C,-102.6217,-102.6217,-7
03084,644E,-106.1444,-106.1444,-7
03085,667A,-109.3891,-109.3891,-7
03086,42A2,-102.7194,-102.7194,-7
03087,25BE,-106.3178,-106.3178,-7
03088,87BC,-105.265,-105.265,-7
03089,01A8,-103.6948,-103.6948,-7
03090,A150,-105.9721,-105.9721,-7
03091,2744,-103.5042,-103.5042,-7
03092,8546,-103.9818,-103.9818,-7
03093,F3D6,-103.517,-103.517,-7
03094,B0DC,-103.1238,-103.1238,-7
03095,D53A,-104.3552,-104.3552,-7
03096,172A,-108.1268,-108.1268,-7
03097,72CC,-106.2702,-106.2702,-7
03098,D0CE,-106.7337,-106.7337,-7
03099,93C4,-107.6082,-107.6082,-7
03101,SOW,-110.0075,-110.0075,-7
03102,ONT,-117.60028,-117.60028,-8
03103,FLG,-111.6663,-111.6663,-7
03104,TRM,-116.15944,-116.15944,-8
03122,,-118.3419,-118.3419,-8
03124,FHU,-110.34417,-110.34417,-7
03131,MYF,-117.13944,-117.13944,-8
03144,IPL,-115.57861,-115.57861,-8
03145,NYL,-114.61667,-114.61667,-7
03148,GBN,-112.71667,-112.71667,-7
03154,NFG,-117.35,-117.35,-8
03159,WJF,-118.2116,-118.2116,-8
03160,DRA,-116.0278,-116.0278,-8
03162,PGA,-111.44778,-111.44778,-7
03163,P38,-114.52639,-114.52639,-8
03164,CZZ,-116.4728,-116.4728,-8
03165,EMT,-118.03333,-118.03333,-8
03166,FUL,-117.97889,-117.97889,-8
03167,HHR,-118.33417,-118.33417,-8
03170,P68,-116.0055,-116.0055,-8
03171,RAL,-117.43861,-117.43861,-8
03174,TOA,-118.33961,-118.33961,-8
03177,CRQ,-117.27944,-117.27944,-8
03178,SDM,-116.97944,-116.97944,-8
03179,CNO,-117.63611,-117.63611,-8
03180,POC,-117.78333,-117.78333,-8
03181,MMH,-118.85,-118.85,-8
03182,BYS,-116.63333,-116.63333,-8
03183,MHV,-118.15,-118.15,-8
03184,DVT,-112.08167,-112.08167,-7
03185,FFZ,-111.73333,-111.73333,-7
03186,GYR,-112.38333,-112.38333,-7
03192,SDL,-111.91056,-111.91056,-7
03195,GCN,-112.15472,-112.15472,-7
03196,OLS,-110.84583,-110.84583,-7
03701,CPK,-76.32056,-76.32056,-5
03702,DPL,-77.98167,-77.98167,-5
03703,EDE,-76.56694,-76.56694,-5
03704,EMV,-77.48278,-77.48278,-5
03705,EYF,-78.57806,-78.57806,-5
03706,EZF,-77.44917,-77.44917,-5
03707,FVX,-78.43778,-78.43778,-5
03708,GWW,-77.96472,-77.96472,-5
03709,HBI,-79.895,-79.895,-5
03710,HEF,-77.51528,-77.51528,-5
03711,HNZ,-78.52889,-78.52889,-5
03712,HRJ,-78.73361,-78.73361,-5
03713,JNX,-78.39028,-78.39028,-5
03714,JYO,-77.5575,-77.5575,-5
03715,LKU,-77.97,-77.97,-5
03716,MFV,-75.76083,-75.76083,-5
03717,OKV,-78.14444,-78.14444,-5
03718,OMH,-78.04556,-78.04556,-5
03719,SFQ,-76.60167,-76.60167,-5
03720,SOP,-79.39111,-79.39111,-5
03721,SUT,-78.07472,-78.07472,-5
03722,TDF,-78.98417,-78.98417,-5
03723,TTA,-79.10111,-79.10111,-5
03724,DMW,-77.0075,-77.0075,-5
03725,W99,-79.14417,-79.14417,-5
03726,WWD,-74.90806,-74.90806,-5
03727,CTZ,-78.36444,-78.36444,-5
03728,90A2,-79.3637,-79.3637,-5
03730,JGG,-76.71611,-76.71611,-5
03731,LHZ,-78.33028,-78.33028,-5
03732,CBE,-78.76667,-78.76667,-5
03733,05C0,-79.4743,-79.4743,-5
03734,FYJ,-76.76472,-76.76472,-5
03735,RMN,-77.45556,-77.45556,-5
03736,FFA,-75.67139,-75.67139,-5
03737,ONX,-76.01639,-76.01639,-5
03738,RCZ,-79.75917,-79.75917,-5
03739,F58A,-75.927,-75.927,-5
03741,OCW,-77.04972,-77.04972,-5
03742,UDG,-79.89028,-79.89028,-5
03749,RSP,-77.468,-77.468,-5
03755,2G4,-79.33944,-79.33944,-5
03756,ESN,-76.06889,-76.06889,-5
03757,NUI,-76.42917,-76.42917,-5
03758,07F4,-79.0931,-79.0931,-5
03759,E6FC,-78.4656,-78.4656,-5
03761,B680,-75.7861,-75.7861,-5
03763,SIF,-79.85111,-79.85111,-5
03802,CKB,-80.22889,-80.22889,-5
03804,PKB,-81.27,-81.27,-5
03809,DYR,-89.4094,-89.4094,-6
03810,HKY,-81.3819,-81.3819,-5
03811,MKL,-88.9167,-88.9167,-6
03812,AVL,-82.5375,-82.5375,-5
03813,MCN,-83.6527,-83.6527,-5
03816,PAH,-88.7744,-88.7744,-6
03818,MAI,-85.18389,-85.18389,-6
03820,AGS,-81.9633,-81.9633,-5
03821,LGC,-85.06667,-85.06667,-5
03822,SAV,-81.21,-81.21,-5
03832,WDR,-83.66806,-83.66806,-5
03841,OKRT,-84.2486,-84.2486,-5
03847,CSV,-85.0813,-85.0813,-6
03849,LOZ,-84.07694,-84.07694,-5
03850,OZR,-85.71667,-85.71667,-6
03852,HRT,-86.68333,-86.68333,-6
03853,NRB,-81.41667,-81.41667,-5
03855,NPA,-87.31667,-87.31667,-6
03856,HSV,-86.78611,-86.78611,-6
03858,MMT,-80.8,-80.8,-5
03859,BLF,-81.2077,-81.2077,-5
03860,HTS,-82.555,-82.555,-5
03865,MWA,-89,-89,-6
03866,NMM,-88.56667,-88.56667,-6
03868,HUF,-87.30889,-87.30889,-5
03870,GSP,-82.2209,-82.2209,-5
03872,BKW,-81.123,-81.123,-5
03875,LHW,-81.56667,-81.56667,-5
03878,TOI,-86.01222,-86.01222,-6
03879,SLO,-88.96667,-88.96667,-6
03881,CKL,-87.25,-87.25,-6
03882,PFN,-85.68278,-85.68278,-6
03883,BIRA,-86.83333,-86.83333,-6
03887,DEC,-88.86556,-88.86556,-6
03888,FTY,-84.52139,-84.52139,-5
03889,JKL,-83.31444,-83.31444,-5
03892,AUO,-85.43333,-85.43333,-6
03893,BMG,-86.61667,-86.61667,-5
03894,CKV,-87.41944,-87.41944,-6
03896,GAD,-86.08333,-86.08333,-6
03901,GGG,-94.71167,-94.71167,-6
03902,GRK,-97.83333,-97.83333,-6
03904,CLL,-96.36472,-96.36472,-6
03908,HDC,-90.4175,-90.4175,-6
03914,CGZ,-111.76667,-111.76667,-7
03918,FLP,-92.59,-92.59,-6
03919,SLN,-97.65,-97.65,-6
03923,IAB,-97.26667,-97.26667,-6
03927,DFW,-97.0189,-97.0189,-6
03928,ICT,-97.43,-97.43,-6
03929,GVW,-94.56028,-94.56028,-6
03930,LRF,-92.15,-92.15,-6
03931,POE,-93.18333,-93.18333,-6
03932,CSM,-99.2042,-99.2042,-6
03933,HLR,-97.71667,-97.71667,-6
03935,CGI,-89.5705,-89.5705,-6
03936,MHK,-96.6788,-96.6788,-6
03937,LCH,-93.22833,-93.22833,-6
03938,TBN,-92.15,-92.15,-6
03940,JAN,-90.0777,-90.0777,-6
03945,COU,-92.2183,-92.2183,-6
03947,MCI,-94.7306,-94.7306,-6
03948,OUN,-97.46667,-97.46667,-6
03949,AQV,-93.28333,-93.28333,-6
03950,LAW,-98.4172,-98.4172,-6
03952,LZK,-92.2596,-92.2596,-6
03953,JBR,-90.64639,-90.64639,-6
03954,PWA,-97.64694,-97.64694,-6
03957,P28,-98.5528,-98.5528,-6
03958,ALN,-90.05,-90.05,-6
03959,BVO,-96.0261,-96.0261,-6
03960,CPS,-90.15722,-90.15722,-6
03961,HEZ,-91.28333,-91.28333,-6
03962,HOT,-93.06,-93.06,-6
03963,JEF,-92.15583,-92.15583,-6
03965,SWO,-97.0894,-97.0894,-6
03966,SUS,-90.65583,-90.65583,-6
03967,OJC,-94.73917,-94.73917,-6
03968,HYS,-99.26667,-99.26667,-6
03969,SEP,-98.1775,-98.1775,-6
03970,ADS,-96.83639,-96.83639,-6
03971,RBD,-96.86806,-96.86806,-6
03972,ILE,-97.68333,-97.68333,-6
03973,ASG,-94.11667,-94.11667,-6
03974,AAO,-97.22111,-97.22111,-6
03975,POF,-90.32472,-90.32472,-6
03976,DRI,-93.33333,-93.33333,-6
03977,ELK,-99.4,-99.4,-6
03978,VBT,-94.21667,-94.21667,-6
03981,FDR,-98.59,-98.59,-6
03985,FWS,-97.30806,-97.30806,-6
03991,DTO,-97.19889,-97.19889,-6
03994,DMO,-93.18333,-93.18333,-6
03996,TVR,-91.02778,-91.02778,-6
03997,LWC,-95.21167,-95.21167,-6
03998,PPF,-95.50417,-95.50417,-6
03999,BMQ,-98.2354,-98.2354,-6
04109,P69,-115.59639,-115.59639,-8
04110,JER,-114.45639,-114.45639,-7
04111,EVW,-111.03056,-111.03056,-7
04112,SNT,-114.92722,-114.92722,-7
04113,HRI,-119.26111,-119.26111,-8
04114,LLJ,-114.215,-114.215,-7
04116,U42,-111.99278,-111.99278,-7
04125,84DA,-119.6459,-119.6459,-8
04126,D4A6,-113.556,-113.556,-7
04127,E13C,-116.7505,-116.7505,-7
04128,F24A,-119.6917,-119.6917,-8
04129,SZT,-116.56,-116.56,-7
04130,305A,-113.433,-113.433,-7
04131,B4B4,-110.712,-110.712,-7
04133,36U,-111.42889,-111.42889,-7
04134,QCA,-113.35083,-113.35083,-7
04135,DIJ,-111.0975,-111.0975,-7
04136,4798,-117.5264,-117.5264,-8
04137,54EE,-113.0057,-113.0057,-7
04138,8286,-112.5437,-112.5437,-7
04139,3560,-119.6357,-119.6357,-8
04140,B71C,-110.2895,-110.2895,-7
04141,A46A,-124.3186,-124.3186,-8
04143,C04E,-111.2398,-111.2398,-7
04201,SPB,-122.86111,-122.86111,-8
04204,0Q5,-124.06778,-124.06778,-8
04205,AWO,-122.15889,-122.15889,-8
04221,W39,-123.15944,-123.15944,-8
04222,745E,-122.6068,-122.6068,-8
04223,97AC,-121.446,-121.446,-8
04224,ORS,-122.91056,-122.91056,-8
04236,8414,-123.3257,-123.3257,-8
04237,7490,-123.812,-123.812,-8
04720,JHW,-79.25,-79.25,-5
04724,IAG,-78.93806,-78.93806,-5
04725,BGM,-75.98,-75.98,-5
04726,JST,-78.83389,-78.83389,-5
04741,SCH,-73.95,-73.95,-5
04743,PSM,-70.81667,-70.81667,-5
04751,BFD,-78.6333,-78.6333,-5
04780,FIT,-71.75583,-71.75583,-5
04781,ISP,-73.10167,-73.10167,-5
04787,DUJ,-78.89889,-78.89889,-5
04789,MGJ,-74.265,-74.265,-5
04803,RHI,-89.4823,-89.4823,-6
04804,OSU,-83.07806,-83.07806,-5
04805,CGF,-81.48333,-81.48333,-5
04806,EKM,-85.98333,-85.98333,-5
04807,GYY,-87.41667,-87.41667,-6
04808,ARR,-88.48139,-88.48139,-6
04813,BVI,-80.4,-80.4,-5
04824,SUE,-87.41667,-87.41667,-6
04825,ATW,-88.51667,-88.51667,-6
04826,ISW,-89.83694,-89.83694,-6
04827,AFJ,-80.28333,-80.28333,-5
04828,AID,-85.61667,-85.61667,-5
04829,HYX,-83.86667,-83.86667,-5
04831,LOT,-88.085,-88.085,-6
04836,FVE,-68.31333,-68.31333,-5
04838,PWK,-87.90472,-87.90472,-6
04839,BIV,-86.09667,-86.09667,-5
04840,FLD,-88.49083,-88.49083,-6
04841,SBM,-87.85056,-87.85056,-6
04842,BJJ,-81.88667,-81.88667,-5
04843,GKJ,-80.215,-80.215,-5
04845,ENW,-87.93806,-87.93806,-6
04846,VPZ,-87.00583,-87.00583,-6
04847,ADG,-84.07944,-84.07944,-5
04848,TDZ,-83.47639,-83.47639,-5
04849,LPR,-82.17944,-82.17944,-5
04850,AOH,-84.02722,-84.02722,-5
04851,DFI,-84.42889,-84.42889,-5
04852,PHD,-81.42361,-81.42361,-5
04853,BKL,-81.68361,-81.68361,-5
04854,GLR,-84.70139,-84.70139,-5
04855,MNN,-83.06361,-83.06361,-5
04856,P75,-86.22972,-86.22972,-5
04857,HZY,-80.69583,-80.69583,-5
04858,VTA,-82.4625,-82.4625,-5
04862,AAA,-89.33472,-89.33472,-6
04863,ACB,-85.20306,-85.20306,-5
04864,AIG,-89.11056,-89.11056,-6
04865,ARV,-89.73083,-89.73083,-6
04866,BUU,-88.30361,-88.30361,-6
04867,C09,-88.41861,-88.41861,-6
04868,C75,-89.38639,-89.38639,-6
04869,CIU,-84.46667,-84.46667,-5
04870,CVX,-85.27472,-85.27472,-5
04871,DKB,-88.70806,-88.70806,-6
04872,DUH,-83.65528,-83.65528,-5
04873,EFT,-89.59056,-89.59056,-6
04874,ERY,-85.45722,-85.45722,-5
04875,ETB,-88.13333,-88.13333,-6
04876,FEP,-89.58222,-89.58222,-6
04877,FPK,-84.81139,-84.81139,-5
04878,GOV,-84.72861,-84.72861,-5
04879,IGQ,-87.53194,-87.53194,-6
04880,IKK,-87.84611,-87.84611,-6
04881,ISQ,-86.18333,-86.18333,-5
04882,JYM,-84.58556,-84.58556,-5
04883,LDM,-86.40778,-86.40778,-5
04884,MGN,-84.91333,-84.91333,-5
04885,MOP,-84.73722,-84.73722,-5
04886,OEB,-85.0525,-85.0525,-5
04887,OZW,-83.98417,-83.98417,-5
04888,PHN,-82.52861,-82.52861,-5
04889,PNT,-88.62528,-88.62528,-6
04890,RPJ,-89.07806,-89.07806,-6
04891,RRL,-89.71139,-89.71139,-6
04892,SJX,-85.56611,-85.56611,-5
04893,SLH,-84.51917,-84.51917,-5
04894,SQI,-89.67611,-89.67611,-6
04895,STE,-89.53333,-89.53333,-6
04896,TIP,-88.14222,-88.14222,-6
04897,UES,-88.23694,-88.23694,-6
04898,UNU,-88.70306,-88.70306,-6
04899,VYS,-89.15306,-89.15306,-6
04901,AUH,-97.99722,-97.99722,-6
04902,AUM,-92.93333,-92.93333,-6
04903,AWG,-91.67333,-91.67333,-6
04904,AXA,-94.27194,-94.27194,-6
04905,BFW,-91.41556,-91.41556,-6
04906,BNW,-93.8475,-93.8475,-6
04907,CAV,-93.75889,-93.75889,-6
04908,CBF,-95.75972,-95.75972,-6
04909,CBG,-93.265,-93.265,-6
04910,CIN,-94.78889,-94.78889,-6
04911,CKC,-90.38306,-90.38306,-6
04912,CKN,-96.62139,-96.62139,-6
04913,CNC,-93.35944,-93.35944,-6
04914,COQ,-92.50417,-92.50417,-6
04915,CSQ,-94.36306,-94.36306,-6
04916,DEH,-91.73917,-91.73917,-6
04917,DNS,-95.38056,-95.38056,-6
04918,DXX,-96.04333,-96.04333,-6
04919,DYT,-92.04333,-92.04333,-6
04920,EBS,-93.86861,-93.86861,-6
04921,EOK,-91.42833,-91.42833,-6
04922,ETH,-96.54472,-96.54472,-6
04923,EVM,-92.4975,-92.4975,-6
04924,FET,-96.52,-96.52,-6
04925,FFL,-91.97889,-91.97889,-6
04926,FGN,-94.90278,-94.90278,-6
04927,FKA,-92.17972,-92.17972,-6
04928,FOZ,-93.65,-93.65,-6
04929,FSE,-95.77528,-95.77528,-6
04930,FSW,-91.32667,-91.32667,-6
04931,GHW,-95.32028,-95.32028,-6
04932,GYL,-94.08111,-94.08111,-6
04933,HCD,-94.38167,-94.38167,-6
04934,HCO,-96.94278,-96.94278,-6
04935,HDE,-99.33917,-99.33917,-6
04936,HNR,-95.33944,-95.33944,-6
04937,ICL,-95.02639,-95.02639,-6
04938,IKV,-93.56611,-93.56611,-6
04939,JKJ,-96.66306,-96.66306,-6
04940,JMR,-93.27167,-93.27167,-6
04941,LJF,-94.50722,-94.50722,-6
04942,LRJ,-96.19361,-96.19361,-6
04943,LVN,-93.22806,-93.22806,-6
04944,LXL,-94.34694,-94.34694,-6
04945,MGG,-93.98556,-93.98556,-6
04946,MJQ,-94.98639,-94.98639,-6
04947,MPZ,-91.51111,-91.51111,-6
04948,MOX,-95.9675,-95.9675,-6
04949,MQB,-90.65222,-90.65222,-6
04950,MUT,-91.15,-91.15,-6
04951,MVE,-95.71,-95.71,-6
04952,MWM,-95.10917,-95.10917,-6
04953,MXO,-91.16556,-91.16556,-6
04954,MZH,-92.80444,-92.80444,-6
04955,OLZ,-91.97444,-91.97444,-6
04956,ONA,-91.70806,-91.70806,-6
04957,ONL,-98.68806,-98.68806,-6
04958,ORB,-92.85583,-92.85583,-6
04959,ORC,-96.06278,-96.06278,-6
04960,OVL,-95.03278,-95.03278,-6
04961,OWA,-93.26056,-93.26056,-6
04962,OXV,-93.11361,-93.11361,-6
04963,PDC,-91.12361,-91.12361,-6
04964,PEA,-92.94583,-92.94583,-6
04965,PQN,-96.30028,-96.30028,-6
04966,RDK,-95.25972,-95.25972,-6
04967,RGK,-92.48472,-92.48472,-6
04968,RNH,-92.53333,-92.53333,-6
04969,ROS,-92.95278,-92.95278,-6
04970,ROX,-95.69694,-95.69694,-6
04971,RRT,-95.34833,-95.34833,-6
04972,RZN,-92.3725,-92.3725,-6
04973,SDA,-95.41333,-95.41333,-6
04974,SGS,-93.03278,-93.03278,-6
04975,SHL,-95.83333,-95.83333,-6
04976,SLB,-95.24056,-95.24056,-6
04977,TNU,-93.02167,-93.02167,-6
04978,TOB,-92.83139,-92.83139,-6
04979,TWM,-91.745,-91.745,-6
04980,ULM,-94.50222,-94.50222,-6
04981,VTI,-92.02583,-92.02583,-6
04982,VVV,-96.42417,-96.42417,-6
04983,VWU,-94.51667,-94.51667,-6
04984,XVG,-94.20389,-94.20389,-6
04989,IIB,-91.9475,-91.9475,-6
04990,11B8,-96.6222,-96.6222,-6
04992,MLE,-96.11194,-96.11194,-6
04993,AFK,-95.86361,-95.86361,-6
04994,21D6,-95.8744,-95.8744,-6
04995,LUM,-91.86778,-91.86778,-6
04996,SFY,-90.10806,-90.10806,-6
04997,HZX,-93.30972,-93.30972,-6
04998,HJH,-97.58667,-97.58667,-6
04999,GDB,-95.55611,-95.55611,-6
11603,BQN,-67.1294,-67.1294,-4
11624,STX,-64.8125,-64.8125,-4
11630,NRR,-65.64083,-65.64083,-4
11634,TTPP,-61.35,-61.35,4
11640,STT,-64.98,-64.98,-4
11641,SJU,-66.01083,-66.01083,-4
11653,MAZ,-67.14861,-67.14861,-4
11706,NAW,-75.15,-75.15,-5
11813,KCG,-81.36667,-81.36667,-5
12803,BCT,-80.1075,-80.1075,-5
12809,BOW,-81.78333,-81.78333,-5
12810,MCF,-82.51667,-82.51667,-5
12812,PGD,-81.99139,-81.99139,-5
12815,MCO,-81.325,-81.325,-5
12816,GNV,-82.2755,-82.2755,-5
12818,BKV,-82.45444,-82.45444,-5
12819,LEE,-81.80972,-81.80972,-5
12826,HST,-80.38333,-80.38333,-5
12832,AAF,-85.03333,-85.03333,-5
12833,CTY,-83.10528,-83.10528,-5
12834,DAB,-81.0483,-81.0483,-5
12835,FMY,-81.8614,-81.8614,-5
12836,EYW,-81.75222,-81.75222,-5
12838,MLB,-80.6439,-80.6439,-5
12839,MIA,-80.3163,-80.3163,-5
12841,ORL,-81.33306,-81.33306,-5
12842,TPA,-82.5403,-82.5403,-5
12843,VRB,-80.4199,-80.4199,-5
12844,PBI,-80.0994,-80.0994,-5
12849,FLL,-80.1536,-80.1536,-5
12850,NQX,-81.68333,-81.68333,-5
12854,SFB,-81.24361,-81.24361,-5
12861,OCF,-82.23333,-82.23333,-5
12867,COF,-80.6,-80.6,-5
12868,XMR,-80.56667,-80.56667,-5
12871,SRQ,-82.55861,-82.55861,-5
12873,PIE,-82.6875,-82.6875,-5
12876,GIF,-81.75417,-81.75417,-5
12882,OPF,-80.28028,-80.28028,-5
12883,LAL,-82.05,-82.05,-5
12884,BVE,-89.4075,-89.4075,-6
12885,FXE,-80.17083,-80.17083,-5
12886,TTS,-80.68333,-80.68333,-5
12888,TMB,-80.43306,-80.43306,-5
12889,KNAE,-81.63278,-81.63278,-5
12894,RSW,-81.755,-81.755,-5
12895,FPR,-80.37667,-80.37667,-5
12896,MTH,-81.05167,-81.05167,-5
12897,APF,-81.7752,-81.7752,-5
12898,TIX,-80.8,-80.8,-5
12904,HRL,-97.65417,-97.65417,-6
12906,EFD,-95.16667,-95.16667,-6
12907,LRD,-99.46667,-99.46667,-6
12909,SKF,-98.58333,-98.58333,-6
12911,RND,-98.2623,-98.2623,-6
12912,VCT,-96.9303,-96.9303,-6
12916,MSY,-90.2511,-90.2511,-6
12917,BPT,-94.02056,-94.02056,-6
12918,HOU,-95.28194,-95.28194,-6
12919,BRO,-97.423,-97.423,-6
12921,SAT,-98.4839,-98.4839,-6
12923,GLS,-94.8592,-94.8592,-6
12924,CRP,-97.5122,-97.5122,-6
12925,NIR,-97.66667,-97.66667,-6
12926,NGP,-97.28333,-97.28333,-6
12927,HUM,-90.66028,-90.66028,-6
12928,NQI,-97.81667,-97.81667,-6
12930,SIL,-90.1302,-90.1302,-6
12932,ALI,-98.02472,-98.02472,-6
12935,PSX,-96.25361,-96.25361,-6
12936,PTN,-91.33333,-91.33333,-6
12945,HOST,-95.36667,-95.36667,-6
12946,NGW,-97.43333,-97.43333,-6
12947,COT,-99.21833,-99.21833,-6
12953,ARM,-96.0075,-96.0075,-6
12957,PIL,-97.34583,-97.34583,-6
12958,NBG,-90.01667,-90.01667,-6
12959,MFE,-98.25389,-98.25389,-6
12960,IAH,-95.36,-95.36,-6
12961,ERV,-99.08333,-99.08333,-6
12962,HDO,-99.1742,-99.1742,-6
12968,P92,-91.52556,-91.52556,-6
12970,SSF,-98.472,-98.472,-6
12971,BAZ,-98.0458,-98.0458,-6
12972,RKP,-97.04639,-97.04639,-6
12973,KNVT,-97.31667,-97.31667,-6
12974,KNOG,-98.05,-98.05,-6
12975,LVJ,-95.24167,-95.24167,-6
12976,LBX,-95.46194,-95.46194,-6
12977,SGR,-95.65667,-95.65667,-6
12978,3T5,-96.95,-96.95,-6
12979,HYI,-97.86444,-97.86444,-6
12980,T65,-97.97306,-97.97306,-6
12981,BYY,-95.86333,-95.86333,-6
12982,BKS,-98.12111,-98.12111,-6
12983,EBG,-98.12944,-98.12944,-6
12984,RBO,-97.69056,-97.69056,-6
12985,UVA,-99.74361,-99.74361,-6
12986,PKV,-96.68139,-96.68139,-6
12987,8620,-98.0633,-98.0633,-6
12988,7R3,-91.09861,-91.09861,-6
12989,7R5,-93.3,-93.3,-6
12990,AXO,-90.07528,-90.07528,-6
12991,GSM,-90.96667,-90.96667,-6
12992,T70,-100.47222,-100.47222,-6
12993,GAO,-90.26111,-90.26111,-6
12994,HBV,-98.73694,-98.73694,-6
12995,RAS,-97.08861,-97.08861,-6
13025,RTA,-6.35,-6.35,1
13301,F770,-93.147,-93.147,-6
13601,TXKF,-64.68333,-64.68333,-4
13701,APG,-76.1697,-76.1697,-5
13702,LFI,-76.36028,-76.36028,-5
13705,ADW,-76.86667,-76.86667,-5
13707,DOV,-75.46667,-75.46667,-5
13713,GSB,-77.9647,-77.9647,-5
13714,POB,-79.00889,-79.00889,-5
13717,MYR,-78.93333,-78.93333,-5
13721,NHK,-76.41667,-76.41667,-5
13722,RDU,-78.7819,-78.7819,-5
13723,GSO,-79.9432,-79.9432,-5
13724,ATLN,-74.4243,-74.4243,-5
13728,DAN,-79.3361,-79.3361,-5
13729,EKN,-79.8528,-79.8528,-5
13730,FDK,-77.38333,-77.38333,-5
13733,LYH,-79.2067,-79.2067,-5
13734,MRB,-77.9844,-77.9844,-5
13735,MIV,-75.0667,-75.0667,-5
13736,MGW,-79.91639,-79.91639,-5
13737,ORF,-76.1922,-76.1922,-5
13739,PHL,-75.2311,-75.2311,-5
13740,RIC,-77.3202,-77.3202,-5
13741,ROA,-79.9741,-79.9741,-5
13743,DCA,-77.0341,-77.0341,-5
13744,FLO,-79.7238,-79.7238,-5
13748,ILM,-77.8997,-77.8997,-5
13750,NGU,-76.28926,-76.28926,-5
13752,NAK,-76.46667,-76.46667,-5
13754,NKT,-76.88333,-76.88333,-5
13762,NFE,-76.13556,-76.13556,-5
13763,FKN,-76.90306,-76.90306,-5
13764,GED,-75.35917,-75.35917,-5
13766,MQI,-75.7,-75.7,-5
13769,NTU,-76.03333,-76.03333,-5
13773,NYG,-77.30503,-77.30503,-5
13776,LBT,-79.0591,-79.0591,-5
13777,0470,-76.61667,-76.61667,-5
13781,ILG,-75.6008,-75.6008,-5
13782,CHLS,-79.9319,-79.9319,-5
13783,PGV,-77.38333,-77.38333,-5
13786,ECG,-76.175,-76.175,-5
13802,BLV,-89.85,-89.85,-6
13803,BAK,-85.9,-85.9,-5
13806,HOP,-87.48333,-87.48333,-6
13807,FTK,-85.96667,-85.96667,-5
13809,LWV,-87.60556,-87.60556,-6
13810,LOU,-85.66361,-85.66361,-5
13812,LCK,-82.93333,-82.93333,-5
13814,BYH,-89.95,-89.95,-6
13820,BIX,-88.91667,-88.91667,-6
13821,MXF,-86.35,-86.35,-6
13824,SVN,-81.13333,-81.13333,-5
13825,CBM,-88.45,-88.45,-6
13827,MQY,-86.52,-86.52,-6
13829,LSF,-85,-85,-5
13833,HBG,-89.25306,-89.25306,-6
13837,DNL,-82.03861,-82.03861,-5
13838,BFM,-88.06806,-88.06806,-6
13839,DHN,-85.45,-85.45,-6
13840,FFO,-84.05,-84.05,-5
13841,ILN,-83.82167,-83.82167,-5
13846,PAM,-85.58333,-85.58333,-6
13849,SSC,-80.46667,-80.46667,-5
13857,VAD,-83.2,-83.2,-5
13858,VPS,-86.51667,-86.51667,-6
13860,WRB,-83.6,-83.6,-5
13861,AYS,-82.4,-82.4,-5
13864,MGE,-84.51667,-84.51667,-5
13865,MEI,-88.7442,-88.7442,-6
13866,CRW,-81.59,-81.59,-5
13868,PSK,-80.68333,-80.68333,-5
13869,ABY,-84.19444,-84.19444,-5
13870,AMG,-82.5067,-82.5067,-5
13871,ANB,-85.8556,-85.8556,-6
13873,AHN,-83.3275,-83.3275,-5
13874,ATL,-84.4418,-84.4418,-5
13876,BHM,-86.745,-86.745,-6
13877,TRI,-82.4044,-82.4044,-5
13878,SSI,-81.3908,-81.3908,-5
13880,CHS,-80.0402,-80.0402,-5
13881,CLT,-80.9552,-80.9552,-5
13882,CHA,-85.2014,-85.2014,-5
13883,CAE,-81.1181,-81.1181,-5
13884,CEW,-86.5225,-86.5225,-6
13886,GMU,-82.34611,-82.34611,-5
13889,JAX,-81.6936,-81.6936,-5
13891,TYS,-83.9858,-83.9858,-5
13893,MEM,-89.9865,-89.9865,-6
13894,MOB,-88.24556,-88.24556,-6
13895,MGM,-86.4075,-86.4075,-6
13896,MSL,-87.5997,-87.5997,-6
13897,BNA,-86.68917,-86.68917,-6
13899,PNS,-87.18694,-87.18694,-6
13902,LTS,-99.26667,-99.26667,-6
13904,AUS,-97.6799,-97.6799,-6
13909,END,-97.91667,-97.91667,-6
13910,DYS,-99.85,-99.85,-6
13911,NFW,-97.45,-97.45,-6
13917,M19,-91.16667,-91.16667,-6
13919,TIK,-97.38333,-97.38333,-6
13920,FOE,-95.66389,-95.66389,-6
13925,SGT,-91.57444,-91.57444,-6
13926,GVT,-96.06528,-96.06528,-6
13927,HKS,-90.22139,-90.22139,-6
13930,SZL,-93.55,-93.55,-6
13932,WLD,-97.03694,-97.03694,-6
13935,ESF,-92.2907,-92.2907,-6
13939,GLH,-90.98528,-90.98528,-6
13940,GBD,-98.86667,-98.86667,-6
13941,CWF,-93.14333,-93.14333,-6
13942,MLU,-92.0405,-92.0405,-6
13944,BAD,-93.66667,-93.66667,-6
13945,FSI,-98.4,-98.4,-6
13947,FRI,-96.76667,-96.76667,-6
13957,SHV,-93.8244,-93.8244,-6
13958,ATT,-97.7604,-97.7604,-6
13959,ACT,-97.22833,-97.22833,-6
13960,DAL,-96.8555,-96.8555,-6
13961,FTW,-97.36139,-97.36139,-6
13962,ABI,-99.6822,-99.6822,-6
13963,LIT,-92.2389,-92.2389,-6
13964,FSM,-94.3625,-94.3625,-6
13966,SPS,-98.4928,-98.4928,-6
13967,OKC,-97.6006,-97.6006,-6
13968,TUL,-95.8872,-95.8872,-6
13969,PNC,-97.10194,-97.10194,-6
13970,BTR,-91.1469,-91.1469,-6
13971,HRO,-93.1566,-93.1566,-6
13972,TYR,-95.4025,-95.4025,-6
13973,JCT,-99.76639,-99.76639,-6
13975,GAG,-99.7689,-99.7689,-6
13976,LFT,-91.9875,-91.9875,-6
13977,TXK,-94.0074,-94.0074,-6
13978,GWO,-90.0866,-90.0866,-6
13981,CNU,-95.48417,-95.48417,-6
13984,CNK,-97.6508,-97.6508,-6
13985,DDC,-99.9678,-99.9678,-6
13986,HUT,-97.86056,-97.86056,-6
13987,JLN,-94.5022,-94.5022,-6
13988,MKC,-94.5969,-94.5969,-6
13989,EMP,-96.19472,-96.19472,-6
13993,STJ,-94.9233,-94.9233,-6
13994,STL,-90.3736,-90.3736,-6
13995,SGF,-93.3897,-93.3897,-6
13996,TOP,-95.6261,-95.6261,-6
13997,VIH,-91.76833,-91.76833,-6
13999,CLK,-98.93278,-98.93278,-6
14604,PQI,-68.05,-68.05,-5
14605,AUG,-69.7972,-69.7972,-5
14606,BGR,-68.8185,-68.8185,-5
14607,CAR,-68.0173,-68.0173,-5
14609,HUL,-67.7928,-67.7928,-5
14610,MLT,-68.6925,-68.6925,-5
14611,NHZ,-69.93333,-69.93333,-5
14615,WVL,-69.66667,-69.66667,-5
14616,BHB,-68.36667,-68.36667,-5
14702,BED,-71.28944,-71.28944,-5
14703,CEF,-72.53333,-72.53333,-5
14704,FMH,-70.51667,-70.51667,-5
14706,WRI,-74.6,-74.6,-5
14707,GON,-72.04944,-72.04944,-5
14710,MHT,-71.43833,-71.43833,-5
14711,MDT,-76.7724,-76.7724,-5
14712,RDG,-75.96667,-75.96667,-5
14714,SWF,-74.1,-74.1,-5
14715,GTB,-75.73333,-75.73333,-5
14719,FOK,-72.63222,-72.63222,-5
14732,LGA,-73.88028,-73.88028,-5
14733,BUF,-78.7358,-78.7358,-5
14734,EWR,-74.16944,-74.16944,-5
14735,ALB,-73.8092,-73.8092,-5
14736,AOO,-78.32028,-78.32028,-5
14737,ABE,-75.4492,-75.4492,-5
14739,BOS,-71.0106,-71.0106,-5
14740,BDL,-72.6825,-72.6825,-5
14742,BTV,-73.1499,-73.1499,-5
14745,CON,-71.5011,-71.5011,-5
14747,DKK,-79.27222,-79.27222,-5
14748,ELM,-76.89194,-76.89194,-5
14750,GFL,-73.6167,-73.6167,-5
14751,CXY,-76.85139,-76.85139,-5
14752,HFD,-72.65056,-72.65056,-5
14753,MQE,-71.1137,-71.1137,-5
14755,MWN,-71.2997,-71.2997,-5
14756,ACK,-70.06083,-70.06083,-5
14757,POU,-73.8842,-73.8842,-5
14758,HVN,-72.88722,-72.88722,-5
14761,PSB,-78.08333,-78.08333,-5
14762,AGC,-79.92167,-79.92167,-5
14763,PSF,-73.28917,-73.28917,-5
14764,PWM,-70.3002,-70.3002,-5
14765,PVD,-71.4325,-71.4325,-5
14768,ROC,-77.6767,-77.6767,-5
14770,SEG,-76.86417,-76.86417,-5
14771,SYR,-76.1038,-76.1038,-5
14775,BAF,-72.71611,-72.71611,-5
14777,AVP,-75.7269,-75.7269,-5
14778,IPT,-76.9217,-76.9217,-5
14780,NEL,-74.35,-74.35,-5
14787,UUU,-71.28333,-71.28333,-5
14790,KNZW,-70.93333,-70.93333,-5
14792,TTN,-74.81583,-74.81583,-5
14793,NXX,-75.15,-75.15,-5
14794,WST,-71.79889,-71.79889,-5
14804,MTC,-82.8183,-82.8183,-5
14808,OSC,-83.4,-83.4,-5
14813,AKR,-81.46417,-81.46417,-5
14815,BTL,-85.25111,-85.25111,-5
14817,CAD,-85.41667,-85.41667,-5
14819,MDW,-87.75222,-87.75222,-6
14820,CLE,-81.85278,-81.85278,-5
14821,CMH,-82.88083,-82.88083,-5
14822,DET,-83.01,-83.01,-5
14825,FDY,-83.66861,-83.66861,-5
14826,FNT,-83.7494,-83.7494,-5
14827,FWA,-85.2063,-85.2063,-5
14829,GSH,-85.7833,-85.7833,-5
14833,JXN,-84.4667,-84.4667,-5
14834,JOT,-88.16667,-88.16667,-6
14835,LAF,-86.93694,-86.93694,-5
14836,LAN,-84.57889,-84.57889,-5
14837,MSN,-89.3452,-89.3452,-6
14839,MKE,-87.9044,-87.9044,-6
14840,MKG,-86.23667,-86.23667,-5
14841,PLN,-84.7927,-84.7927,-5
14842,PIA,-89.6839,-89.6839,-6
14845,MBS,-84.07972,-84.07972,-5
14847,ANJ,-84.3572,-84.3572,-5
14848,SBN,-86.3163,-86.3163,-5
14850,TVC,-85.5825,-85.5825,-5
14852,YNG,-80.67389,-80.67389,-5
14853,YIP,-83.53333,-83.53333,-5
14855,KNBU,-87.83333,-87.83333,-6
14858,CMX,-88.48889,-88.48889,-5
14860,ERI,-80.1825,-80.1825,-5
14864,RQB,-85.5,-85.5,-5
14880,UGN,-87.86667,-87.86667,-6
14886,LNL,-89.21667,-89.21667,-6
14891,MFD,-82.51778,-82.51778,-5
14894,HLG,-80.64722,-80.64722,-5
14895,CAK,-81.43333,-81.43333,-5
14897,AUW,-89.6277,-89.6277,-6
14898,GRB,-88.1366,-88.1366,-6
14905,EAR,-99,-99,-6
14910,AXN,-95.3941,-95.3941,-6
14913,DLH,-92.1833,-92.1833,-6
14914,FAR,-96.81111,-96.81111,-6
14916,GFK,-97.1839,-97.1839,-6
14918,INL,-93.3981,-93.3981,-6
14919,JMS,-98.6691,-98.6691,-6
14920,LSE,-91.2527,-91.2527,-6
14921,LNR,-90.18139,-90.18139,-6
14922,MSP,-93.2289,-93.2289,-6
14923,MLI,-90.52333,-90.52333,-6
14925,RST,-92.4916,-92.4916,-6
14926,STC,-94.0513,-94.0513,-6
14927,STP,-93.05556,-93.05556,-6
14928,ILL,-95.08333,-95.08333,-6
14929,ABR,-98.413,-98.413,-6
14930,AIO,-95.04667,-95.04667,-6
14931,BRL,-91.12528,-91.12528,-6
14933,DSM,-93.653,-93.653,-6
14935,GRI,-98.3136,-98.3136,-6
14936,HON,-98.2231,-98.2231,-6
14937,IOW,-91.54306,-91.54306,-6
14938,IRK,-92.54333,-92.54333,-6
14939,LNK,-96.7475,-96.7475,-6
14940,MCW,-93.3269,-93.3269,-6
14941,OFK,-97.4352,-97.4352,-6
14942,OMA,-95.8991,-95.8991,-6
14943,SUX,-96.3791,-96.3791,-6
14944,FSD,-96.7539,-96.7539,-6
14946,ATY,-97.1494,-97.1494,-6
14949,OFF,-95.91667,-95.91667,-6
14950,OTM,-92.4466,-92.4466,-6
14954,MKT,-93.91667,-93.91667,-6
14958,BJI,-94.93333,-94.93333,-6
14966,CCY,-92.6717,-92.6717,-6
14972,SPW,-95.20167,-95.20167,-6
14976,GGI,-92.7,-92.7,-6
14989,JYR,-97.62583,-97.62583,-6
14990,CID,-91.7166,-91.7166,-6
14991,EAU,-91.4879,-91.4879,-6
14992,RWF,-95.0804,-95.0804,-6
14994,LXN,-99.77083,-99.77083,-6
16201,NKU,-22.6,-22.6,0
21504,ITO,-155.053,-155.053,-10
21508,BSF,-155.55361,-155.55361,-10
21510,KOA,-156.04889,-156.04889,-10
21514,379A,-155.576,-155.576,-10
21515,410A,-155.0827,-155.0827,-10
21603,JON,-169.51667,-169.51667,-10
22001,DLF,-100.78333,-100.78333,-6
22010,DRT,-100.927,-100.927,-6
22016,E1F2,-103.2093,-103.2093,-6
22501,HBK,-159.78333,-159.78333,-10
22508,HHI,-158.02806,-158.02806,-10
22514,BKH,-158.06667,-158.06667,-10
22516,OGG,-156.42861,-156.42861,-10
22519,NGF,-157.76794,-157.76794,-10
22521,HNL,-157.92944,-157.92944,-10
22524,LNY,-156.9485,-156.9485,-10
22534,MKK,-157.0961,-157.0961,-10
22536,LIH,-159.34056,-159.34056,-10
22551,JRF,-158.06667,-158.06667,-10
22552,JHM,-156.6753,-156.6753,-10
22701,MDY,-177.38333,-177.38333,-11
23002,HMN,-106.1,-106.1,-7
23007,CDS,-100.2831,-100.2831,-6
23008,CVS,-103.31667,-103.31667,-7
23009,ROW,-104.5083,-104.5083,-7
23020,LBL,-100.96667,-100.96667,-6
23023,MAF,-102.2086,-102.2086,-6
23033,SWW,-100.46639,-100.46639,-6
23034,SJT,-100.495,-100.495,-6
23036,BKF,-104.75,-104.75,-7
23040,INK,-103.2018,-103.2018,-6
23042,LBB,-101.8231,-101.8231,-6
23044,ELP,-106.37583,-106.37583,-7
23047,AMA,-101.7042,-101.7042,-6
23048,TCC,-103.60306,-103.60306,-7
23049,SAF,-106.08889,-106.08889,-7
23050,ABQ,-106.6155,-106.6155,-7
23051,CAO,-103.1539,-103.1539,-7
23052,RTN,-104.50222,-104.50222,-7
23054,LVS,-105.14194,-105.14194,-7
23055,GDP,-104.80889,-104.80889,-6
23061,ALS,-105.8613,-105.8613,-7
23063,EGE,-106.91667,-106.91667,-7
23064,GCK,-100.72472,-100.72472,-6
23065,GLD,-101.69333,-101.69333,-7
23066,GJT,-108.54,-108.54,-7
23067,LHX,-103.5122,-103.5122,-7
23070,TAD,-104.33778,-104.33778,-7
23077,CVN,-103.08333,-103.08333,-7
23078,DMN,-107.72056,-107.72056,-7
23081,GUP,-108.794,-108.794,-7
23090,FMN,-108.22917,-108.22917,-7
23091,FST,-102.91667,-102.91667,-6
23094,T002,-103.217,-103.217,-7
23097,PVW,-101.71667,-101.71667,-6
23098,ECU,-100.17333,-100.17333,-6
23104,IWA,-111.66667,-111.66667,-7
23109,DMA,-110.88333,-110.88333,-7
23110,NLC,-119.95,-119.95,-8
23111,LUF,-112.36667,-112.36667,-7
23112,LSV,-115.03333,-115.03333,-8
23114,EDW,-117.86667,-117.86667,-8
23119,RIV,-117.25,-117.25,-8
23122,SBD,-117.23472,-117.23472,-8
23129,LGB,-118.1463,-118.1463,-8
23130,VNY,-118.48917,-118.48917,-8
23131,VCV,-117.38333,-117.38333,-8
23136,CMA,-119.08333,-119.08333,-8
23141,INS,-115.68333,-115.68333,-8
23149,PTV,-119.0625,-119.0625,-8
23152,BUR,-118.3575,-118.3575,-8
23153,TPH,-117.0902,-117.0902,-8
23154,ELY,-114.8466,-114.8466,-8
23155,BFL,-119.0542,-119.0542,-8
23157,BIH,-118.358,-118.358,-8
23158,BLH,-114.7142,-114.7142,-8
23159,BCE,-112.14556,-112.14556,-7
23160,TUS,-110.9552,-110.9552,-7
23161,DAG,-116.7858,-116.7858,-8
23162,DTA,-112.51667,-112.51667,-7
23169,LAS,-115.1634,-115.1634,-8
23170,4HV,-110.7103,-110.7103,-7
23174,LAX,-118.3888,-118.3888,-8
23176,MLF,-113.01667,-113.01667,-7
23179,EED,-114.6188,-114.6188,-8
23182,PMD,-118.08361,-118.08361,-8
23183,PHX,-112.0038,-112.0038,-7
23184,PRC,-112.42083,-112.42083,-7
23185,RNO,-119.7711,-119.7711,-8
23186,SGU,-113.6,-113.6,-7
23187,SDB,-118.7242,-118.7242,-8
23188,SAN,-117.1831,-117.1831,-8
23190,SBA,-119.8425,-119.8425,-8
23191,AVX,-118.41583,-118.41583,-8
23194,INW,-110.7208,-110.7208,-7
23195,YUM,-114.6,-114.6,-7
23199,NJK,-115.68333,-115.68333,-8
23202,SUU,-121.93333,-121.93333,-8
23203,MER,-120.56667,-120.56667,-8
23206,MHR,-121.3,-121.3,-8
23208,MCC,-121.4,-121.4,-8
23213,STS,-122.8102,-122.8102,-8
23224,AUN,-121.08194,-121.08194,-8
23225,BLU,-120.7102,-120.7102,-8
23230,OAK,-122.22083,-122.22083,-8
23232,SAC,-121.495,-121.495,-8
23233,SNS,-121.6081,-121.6081,-8
23234,SFO,-122.3647,-122.3647,-8
23237,SCK,-121.2258,-121.2258,-8
23239,KNGZ,-122.31667,-122.31667,-8
23240,NRC,-121.13333,-121.13333,-8
23243,LPC,-120.46667,-120.46667,-8
23244,NUQ,-122.04806,-122.04806,-8
23254,CCR,-122.055,-122.055,-8
23257,MCE,-120.51278,-120.51278,-8
23258,MOD,-120.9505,-120.9505,-8
23259,MRY,-121.84528,-121.84528,-8
23271,SACC,-121.4183,-121.4183,-8
23272,SFOC,-122.4269,-122.4269,-8
23273,SMX,-120.4486,-120.4486,-8
23275,UKI,-123.20083,-123.20083,-8
23277,WVI,-121.78861,-121.78861,-8
23285,LVK,-121.8144,-121.8144,-8
23289,PAO,-122.11667,-122.11667,-8
23293,SJC,-121.924,-121.924,-8
23801,426C,-86.0004,-86.0004,-6
23802,34FC,-87.7367,-87.7367,-6
23803,A70C,-89.4348,-89.4348,-6
23901,RWV,-96.70417,-96.70417,-6
23902,SRE,-96.675,-96.675,-6
23903,UTA,-90.34667,-90.34667,-6
23904,2118,-91.7812,-91.7812,-6
23906,5788,-96.823,-96.823,-6
23907,44FE,-98.0846,-98.0846,-6
23908,7164,-94.5829,-94.5829,-6
23909,6212,-91.7226,-91.7226,-6
24006,RCA,-103.1,-103.1,-7
24011,BIS,-100.7572,-100.7572,-6
24012,DIK,-102.7972,-102.7972,-7
24013,MOT,-101.2733,-101.2733,-6
24015,AKO,-103.21667,-103.21667,-7
24017,CDR,-103.0981,-103.0981,-7
24018,CYS,-104.8167,-104.8167,-7
24021,LND,-108.7261,-108.7261,-7
24022,LAR,-105.6833,-105.6833,-7
24023,LBF,-100.6694,-100.6694,-6
24024,PHP,-101.60111,-101.60111,-7
24025,PIR,-100.2855,-100.2855,-6
24027,RKS,-109.0529,-109.0529,-7
24028,BFF,-103.593,-103.593,-7
24029,SHR,-106.9688,-106.9688,-7
24030,SNY,-102.9863,-102.9863,-7
24032,VTN,-100.55,-100.55,-6
24033,BIL,-108.5422,-108.5422,-7
24036,LWT,-109.4578,-109.4578,-7
24037,MLS,-105.8825,-105.8825,-7
24044,AIA,-102.8017,-102.8017,-7
24045,COD,-109.01667,-109.01667,-7
24046,CAG,-107.52417,-107.52417,-7
24048,GEY,-108.08222,-108.08222,-7
24051,GXY,-104.63194,-104.63194,-7
24057,RWL,-107.2,-107.2,-7
24061,RIW,-108.45889,-108.45889,-7
24062,WRL,-107.95083,-107.95083,-7
24087,GDV,-104.8,-104.8,-7
24089,CPR,-106.4739,-106.4739,-7
24090,RAP,-103.0536,-103.0536,-7
24091,IML,-101.62,-101.62,-7
24101,HIF,-111.96667,-111.96667,-7
24103,DPG,-112.93333,-112.93333,-7
24106,MUO,-115.86667,-115.86667,-7
24110,MWH,-119.31917,-119.31917,-8
24112,GFA,-111.18333,-111.18333,-7
24114,SKA,-117.65,-117.65,-8
24119,BAM,-116.8917,-116.8917,-8
24121,EKO,-115.7886,-115.7886,-8
24126,OGD,-112.01139,-112.01139,-7
24127,SLC,-111.9694,-111.9694,-7
24128,WMC,-117.808,-117.808,-8
24130,BKE,-117.8086,-117.8086,-8
24131,BOI,-116.2405,-116.2405,-7
24132,BZN,-111.1608,-111.1608,-7
24133,BYI,-113.7661,-113.7661,-7
24135,BTM,-112.5006,-112.5006,-7
24136,COE,-116.81667,-116.81667,-8
24137,CTB,-112.3752,-112.3752,-7
24138,DLN,-112.5544,-112.5544,-7
24139,3DU,-113.1761,-113.1761,-7
24141,EPH,-119.5154,-119.5154,-8
24143,GTF,-111.3822,-111.3822,-7
24144,HLN,-111.9636,-111.9636,-7
24145,IDA,-112.06722,-112.06722,-7
24146,GPI,-114.2636,-114.2636,-7
24148,LGD,-118,-118,-8
24149,LWS,-117.0156,-117.0156,-8
24150,LVM,-110.4408,-110.4408,-7
24151,MLD,-112.2873,-112.2873,-7
24152,MEH,-118.42472,-118.42472,-8
24153,MSO,-114.0925,-114.0925,-7
24154,MLP,-115.645,-115.645,-8
24155,PDT,-118.8547,-118.8547,-8
24156,PIH,-112.5711,-112.5711,-7
24157,GEG,-117.528,-117.528,-8
24160,ALW,-118.28694,-118.28694,-8
24162,ONO,-117.01278,-117.01278,-7
24163,PSC,-119.11667,-119.11667,-8
24164,BPI,-110.1075,-110.1075,-7
24165,EMM,-110.55694,-110.55694,-7
24166,JAC,-110.73333,-110.73333,-7
24172,LOL,-118.5692,-118.5692,-8
24174,PVU,-111.72333,-111.72333,-7
24180,BMC,-112.06222,-112.06222,-7
24193,ENV,-114.0358,-114.0358,-7
24196,SMN,-113.88333,-113.88333,-7
24198,WEY,-111.1,-111.1,-7
24201,GRF,-122.58333,-122.58333,-8
24202,CVO,-123.28333,-123.28333,-8
24207,TCM,-122.48333,-122.48333,-8
24213,EKA,-124.1602,-124.1602,-8
24215,MHS,-122.33278,-122.33278,-8
24216,RBL,-122.2536,-122.2536,-8
24217,BLI,-122.53722,-122.53722,-8
24219,DLS,-121.1661,-121.1661,-8
24220,ELN,-120.53028,-120.53028,-8
24221,EUG,-123.2206,-123.2206,-8
24222,PAE,-122.28028,-122.28028,-8
24223,KLS,-122.89389,-122.89389,-8
24225,MFR,-122.8722,-122.8722,-8
24227,OLM,-122.9033,-122.9033,-8
24229,PDX,-122.6093,-122.6093,-8
24230,RDM,-121.1392,-121.1392,-8
24231,RBG,-123.35472,-123.35472,-8
24232,SLE,-123.0011,-123.0011,-8
24233,SEA,-122.3138,-122.3138,-8
24234,BFI,-122.30083,-122.30083,-8
24235,SXT,-123.3641,-123.3641,-8
24237,SMP,-121.3372,-121.3372,-8
24241,TDO,-122.81667,-122.81667,-8
24242,TTD,-122.40889,-122.40889,-8
24243,YKM,-120.5428,-120.5428,-8
24255,NUW,-122.66667,-122.66667,-8
24257,RDD,-122.2986,-122.2986,-8
24259,SIY,-122.46806,-122.46806,-8
24267,BOK,-124.29,-124.29,-8
24281,7458,-122.3,-122.3,-8
24283,ACV,-124.10861,-124.10861,-8
24284,OTH,-124.24361,-124.24361,-8
24285,ONP,-124.05,-124.05,-8
24286,CEC,-124.23667,-124.23667,-8
25308,ANN,-131.5787,-131.5787,-9
25309,JNU,-134.564,-134.564,-9
25310,AGN,-134.58639,-134.58639,-9
25322,GST,-135.7089,-135.7089,-9
25323,HNS,-135.5094,-135.5094,-9
25325,KTN,-131.71167,-131.71167,-9
25329,PSG,-132.9372,-132.9372,-9
25331,PAQ,-149.0916,-149.0916,-9
25333,SIT,-135.3647,-135.3647,-9
25335,SGY,-135.3239,-135.3239,-9
25338,WRG,-132.3874,-132.3874,-9
25339,YAK,-139.6712,-139.6712,-9
25348,AHP,-134.6447,-134.6447,-9
25357,ELV,-136.3435,-136.3435,-9
25367,9Z1,-133.075,-133.075,-9
25369,AFE,-133.9,-133.9,-9
25376,HYG,-132.82831,-132.82831,-9
25377,MTM,-131.57806,-131.57806,-9
25378,HNH,-135.40875,-135.40875,-9
25379,B18E,-135.3266,-135.3266,-9
25380,C328,-135.69,-135.69,-9
25381,61E4,-131.5877,-131.5877,-9
25402,MDO,-146.33333,-146.33333,-9
25501,ADQ,-152.48556,-152.48556,-9
25503,AKN,-156.6563,-156.6563,-9
25506,ILI,-154.9089,-154.9089,-9
25507,HOM,-151.4908,-151.4908,-9
25508,PTH,-158.63167,-158.63167,-9
25513,DLG,-158.5167,-158.5167,-9
25516,SOV,-151.70167,-151.70167,-9
25518,AJC,-158.37306,-158.37306,-9
25519,EII,-157.38556,-157.38556,-9
25521,IGG,-155.90167,-155.90167,-9
25522,91AE,-155.9225,-155.9225,-9
25604,PTU,-161.81972,-161.81972,-9
25616,DUT,-166.5433,-166.5433,-9
25617,SDP,-160.52083,-160.52083,-9
25623,EHM,-162.06667,-162.06667,-9
25624,CDB,-162.7325,-162.7325,-9
25628,A8L,-169.565,-169.565,-9
25629,TOG,-160.36667,-160.36667,-9
25630,A364,-160.466,-160.466,-9
25704,ADK,-176.65,-176.65,-10
25711,00FA,-170.2119,-170.2119,-9
25713,SNP,-170.22222,-170.22222,-9
25715,AKA,-174.20611,-174.20611,-10
26401,EDF,-149.79361,-149.79361,-9
26407,EIL,-147.08333,-147.08333,-9
26409,MRI,-149.855,-149.855,-9
26410,CDV,-145.4511,-145.4511,-9
26411,FAI,-147.8761,-147.8761,-9
26412,ORT,-141.9378,-141.9378,-9
26413,FYU,-145.26667,-145.26667,-9
26414,UMM,-149.12722,-149.12722,-9
26415,BIG,-145.7214,-145.7214,-9
26418,CEM,-144.7653,-144.7653,-9
26422,EAA,-141.14833,-141.14833,-9
26425,GKN,-145.4588,-145.4588,-9
26435,ENN,-149.07167,-149.07167,-9
26438,SWD,-149.41667,-149.41667,-9
26439,SMU,-147.50694,-147.50694,-9
26442,VWS,-146.3517,-146.3517,-9
26443,IYS,-149.54056,-149.54056,-9
26444,IEM,-148.73333,-148.73333,-9
26445,T004,-149.54,-149.54,-9
26451,ANC,-150.0278,-150.0278,-9
26465,GBH,-149.49,-149.49,-9
26479,VDZ,-146.2435,-146.2435,-9
26480,WCR,-148.4925,-148.4925,-9
26484,PXK,-145.49833,-145.49833,-9
26486,DDT,-143.9808,-143.9808,-9
26491,LHD,-149.96639,-149.96639,-9
26492,POR,-148.83889,-148.83889,-9
26494,02CE,-147.51,-147.51,-9
26497,BCV,-149.50722,-149.50722,-9
26498,FBK,-147.61444,-147.61444,-9
26499,HRR,-148.96889,-148.96889,-9
26501,GAL,-156.93444,-156.93444,-9
26502,KAL,-158.74167,-158.74167,-9
26510,MCG,-155.6103,-155.6103,-9
26512,MHM,-152.30194,-152.30194,-9
26514,SKW,-151.2169,-151.2169,-9
26516,ANI,-159.54304,-159.54304,-9
26521,HCA,-159.76667,-159.76667,-9
26523,ENA,-151.2391,-151.2391,-9
26524,MLY,-150.638,-150.638,-9
26526,PTI,-152.7349,-152.7349,-9
26528,TKA,-150.095,-150.095,-9
26529,TAL,-152.1067,-152.1067,-9
26533,BTT,-151.31,-151.31,-9
26534,SVW,-155.58333,-155.58333,-9
26535,UTO,-153.7,-153.7,-9
26536,TLJ,-155.97639,-155.97639,-9
26542,AKP,-151.76667,-151.76667,-9
26546,TPO,-154.3163,-154.3163,-9
26547,HZZ,-152.08333,-152.08333,-9
26551,AFM,-157.85,-157.85,-9
26552,HLA,-156.35139,-156.35139,-9
26553,SLQ,-157.15,-157.15,-9
26554,ERW,-153.8,-153.8,-9
26555,FKK,-153.6225,-153.6225,-9
26557,LVR,-152.29694,-152.29694,-9
26558,WLK,-159.98611,-159.98611,-9
26559,SXQ,-151.03417,-151.03417,-9
26560,UUO,-150.0541,-150.0541,-9
26561,RBY,-155.46972,-155.46972,-9
26562,C682,-154.3196,-154.3196,-9
26563,8216,-150.4484,-150.4484,-9
26601,T010,-166.8,-166.8,-9
26602,KKA,-161.155,-161.155,-9
26615,BET,-161.8293,-161.8293,-9
26616,OTZ,-162.63333,-162.63333,-9
26617,OME,-165.44,-165.44,-9
26622,MYU,-166.2,-166.2,-9
26623,PHO,-166.8,-166.8,-9
26624,PIZ,-163.00533,-163.00533,-9
26625,SHH,-166.08936,-166.08936,-9
26627,UNK,-160.8,-160.8,-9
26628,GLV,-163.00716,-163.00716,-9
26631,LUR,-166.13333,-166.13333,-9
26634,TNC,-167.92139,-167.92139,-9
26635,MOU,-163.68194,-163.68194,-9
26642,KVL,-164.54833,-164.54833,-9
26643,0Z0,-162.76389,-162.76389,-9
26644,ANV,-160.18333,-160.18333,-9
26645,BVK,-161.13333,-161.13333,-9
26646,CZF,-166.03333,-166.03333,-9
26647,KSM,-163.3,-163.3,-9
26648,WTK,-162.975,-162.975,-9
26649,AED,-162.90306,-162.90306,-9
26650,ENM,-164.49111,-164.49111,-9
26651,HPB,-166.14667,-166.14667,-9
26652,KLG,-160.34139,-160.34139,-9
26653,OOK,-165.08722,-165.08722,-9
26654,RSH,-161.31944,-161.31944,-9
26655,4708,-162.9212,-162.9212,-9
26703,GAM,-171.73278,-171.73278,-9
26704,SVA,-170.49333,-170.49333,-9
27401,BTI,-143.57694,-143.57694,-9
27406,SCC,-148.4772,-148.4772,-9
27408,UBW,-149.5975,-149.5975,-9
27502,BRW,-156.7815,-156.7815,-9
27503,AWI,-159.995,-159.995,-9
27515,AQT,-151.00167,-151.00167,-9
27516,F0B0,-156.611,-156.611,-9
27517,AK15,-150.94472,-150.94472,-9
27518,ATK,-157.43583,-157.43583,-9
33126,NSY,14.91667,14.91667,1
33209,QNC,24.15,24.15,2
34113,QNN,14.3,14.3,1
40308,PTYA,138.08333,138.08333,10
40309,PTKR,134.48333,134.48333,9
40310,ROR,134.54417,134.54417,9
40504,PTTP,158.2167,158.2167,11
40505,PTKK,151.83333,151.83333,10
40507,,154.8,154.8,11
40509,PNI,158.2,158.2,11
40604,PKWA,167.73333,167.73333,12
40710,PKMR,171.27203,171.27203,12
41231,RPMB,120.26667,120.26667,8
41414,UAM,144.91667,144.91667,10
41415,GUM,144.8,144.8,10
41418,GSN,145.71667,145.71667,10
41419,GRO,145.2428,145.2428,10
41420,TNI,145.62111,145.62111,10
41606,AWK,166.65,166.65,12
41818,T006,145.729,145.729,10
42215,NFO,127.75,127.75,9
43285,NEG,129.71667,129.71667,9
43319,JTA,139.45,139.45,9
43323,NDT,139.66667,139.66667,9
43324,NEU,132.23333,132.23333,9
44402,KQSM,141.36667,141.36667,9
45715,SYA,174.1,174.1,-9
46401,T007,-148.483,-148.483,-9
46402,IBN,-142.99528,-142.99528,-9
46403,INR,-148.91667,-148.91667,-9
46404,15Z,-142.90389,-142.90389,-9
46405,ARC,-145.57944,-145.57944,-9
46406,TTW,-148.95556,-148.95556,-9
46407,AZK,-147.16889,-147.16889,-9
53002,333C,-104.4569,-104.4569,-7
53003,56DA,-107.8303,-107.8303,-7
53004,F622,-109.9886,-109.9886,-7
53005,57D6,-106.1219,-106.1219,-7
53006,3230,-111.4481,-111.4481,-7
53007,713A,-105.0879,-105.0879,-7
53008,0352,-103.1744,-103.1744,-7
53009,E458,-108.3635,-108.3635,-7
53010,A5A8,-109.6165,-109.6165,-7
53011,23BC,-109.2181,-109.2181,-7
53012,465A,-109.6074,-109.6074,-7
53013,60B6,-113.2248,-113.2248,-7
53014,8344,-109.9877,-109.9877,-7
53015,025E,-104.1617,-104.1617,-7
53016,E6A2,-104.9303,-104.9303,-7
53017,24B2,-107.2189,-107.2189,-7
53119,HJO,-119.62889,-119.62889,-8
53120,RNM,-116.91583,-116.91583,-8
53121,OKB,-117.34944,-117.34944,-8
53123,VGT,-115.19583,-115.19583,-8
53126,GEU,-112.295,-112.295,-7
53127,HND,-115.1325,-115.1325,-8
53128,CHD,-111.81278,-111.81278,-7
53129,AZC,-113.01389,-113.01389,-7
53130,WHP,-118.41333,-118.41333,-8
53131,3754,-111.1696,-111.1696,-7
53132,2422,-110.5087,-110.5087,-7
53135,IFP,-114.55944,-114.55944,-7
53136,1342,-116.0225,-116.0225,-8
53138,A7C2,-114.209,-114.209,-8
53139,9258,-117.1449,-117.1449,-8
53141,SLI,-118.05194,-118.05194,-8
53143,SEE,-116.9725,-116.9725,-8
53144,9L2,-117.86472,-117.86472,-8
53145,BJN,-116.26417,-116.26417,-8
53146,ALK,-110.42806,-110.42806,-7
53147,T009,-115.667,-115.667,-8
53149,7202,-111.2935,-111.2935,-7
53150,91F0,-119.8208,-119.8208,-8
53151,17E4,-117.1904,-117.1904,-8
53152,2616,-119.8796,-119.8796,-8
53154,0492,-114.1884,-114.1884,-7
53155,6174,-112.3374,-112.3374,-7
53156,E25A,-112.0832,-112.0832,-7
53159,4058,-111.3445,-111.3445,-7
53160,C4B6,-111.8431,-111.8431,-7
53162,9630,-111.5326,-111.5326,-7
53163,7036,-107.1872,-107.1872,-7
53164,5420,-111.6012,-111.6012,-7
53165,913E,-112.5095,-112.5095,-7
53166,,-113.3794,-113.3794,-7
53167,B7D2,-111.4137,-111.4137,-7
53168,B528,-112.8013,-112.8013,-7
53169,15D0,-110.5424,-110.5424,-7
53170,66B4,-110.5656,-110.5656,-7
53171,C2B4,-113.7511,-113.7511,-7
53172,0550,-114.134,-114.134,-7
53173,A752,-107.9045,-107.9045,-7
53175,AJO,-117.60243,-117.60243,-8
53176,A2A6,-112.6697,-112.6697,-7
53801,LWB,-80.4,-80.4,-5
53802,MTO,-88.28028,-88.28028,-6
53803,OWB,-87.16667,-87.16667,-6
53806,UOX,-89.55,-89.55,-6
53808,PIB,-89.33333,-89.33333,-6
53817,MGR,-83.8,-83.8,-5
53818,VJI,-82.03333,-82.03333,-5
53819,FFC,-84.56694,-84.56694,-5
53820,GZH,-87.04417,-87.04417,-6
53822,OLY,-88.17639,-88.17639,-6
53838,GVL,-83.83028,-83.83028,-5
53841,FFT,-84.90333,-84.90333,-5
53842,EYE,-86.29583,-86.29583,-5
53843,79J,-86.39389,-86.39389,-6
53844,LHQ,-82.65722,-82.65722,-5
53846,KNBQ,-81.5,-81.5,-5
53847,NDZ,-87.02306,-87.02306,-6
53848,NFJ,-86.95972,-86.95972,-6
53849,KNJW,-88.83333,-88.83333,-6
53850,CEU,-82.88639,-82.88639,-5
53852,DCU,-86.94528,-86.94528,-6
53853,DTS,-86.47167,-86.47167,-6
53854,OGB,-80.85806,-80.85806,-5
53855,HAO,-84.52472,-84.52472,-5
53858,PQL,-88.53194,-88.53194,-6
53859,MGY,-84.22639,-84.22639,-5
53860,CRG,-81.5147,-81.5147,-5
53861,LOR,-85.75111,-85.75111,-6
53862,40J,-83.57361,-83.57361,-5
53863,PDK,-84.30222,-84.30222,-5
53864,EET,-86.78167,-86.78167,-6
53865,ASD,-89.82222,-89.82222,-6
53866,GEZ,-85.80333,-85.80333,-5
53867,CUB,-80.99583,-80.99583,-5
53868,OQT,-84.2375,-84.2375,-5
53869,HKA,-89.83083,-89.83083,-6
53870,AKH,-81.15583,-81.15583,-5
53871,UZA,-81.0575,-81.0575,-5
53872,EQY,-80.62056,-80.62056,-5
53873,VPC,-84.84861,-84.84861,-5
53874,GRD,-82.15917,-82.15917,-5
53877,46CA,-82.6142,-82.6142,-5
53878,55BC,-82.5567,-82.5567,-5
53879,LXT,-94.37139,-94.37139,-6
53881,BCB,-80.40778,-80.40778,-5
53882,BGE,-84.63333,-84.63333,-5
53883,BQK,-81.46611,-81.46611,-5
53884,CCO,-84.77028,-84.77028,-5
53885,DNN,-84.86889,-84.86889,-5
53886,EHR,-87.68333,-87.68333,-6
53887,ENL,-89.09194,-89.09194,-6
53888,EXX,-80.30361,-80.30361,-5
53889,FOA,-88.45278,-88.45278,-6
53890,FQD,-81.935,-81.935,-5
53891,FWC,-88.4125,-88.4125,-6
53892,GEV,-81.41944,-81.41944,-5
53893,GTR,-88.58333,-88.58333,-6
53894,HEG,-81.80583,-81.80583,-5
53895,HLX,-80.82333,-80.82333,-5
53896,HNB,-86.95361,-86.95361,-5
53897,HSB,-88.54889,-88.54889,-6
53898,IIY,-82.81639,-82.81639,-5
53899,IPJ,-81.16111,-81.16111,-5
53901,UNO,-91.9025,-91.9025,-6
53902,CXO,-95.41389,-95.41389,-6
53903,UTS,-95.58611,-95.58611,-6
53904,SET,-90.42806,-90.42806,-6
53905,DTN,-93.745,-93.745,-6
53907,GKY,-97.09389,-97.09389,-6
53908,RVS,-95.98444,-95.98444,-6
53909,AFW,-97.31806,-97.31806,-6
53910,DWH,-95.55611,-95.55611,-6
53911,TRL,-96.26722,-96.26722,-6
53912,CRS,-96.39889,-96.39889,-6
53913,GOK,-97.4142,-97.4142,-6
53914,TKI,-96.59139,-96.59139,-6
53915,ARA,-91.8839,-91.8839,-6
53916,CDJ,-93.57917,-93.57917,-6
53917,NEW,-90.0288,-90.0288,-6
53918,BPK,-92.47028,-92.47028,-6
53919,LLQ,-91.7556,-91.7556,-6
53920,RUE,-93.09472,-93.09472,-6
53921,MWT,-93.57806,-93.57806,-6
53922,XNA,-94.3,-94.3,-6
53925,DEQ,-94.40083,-94.40083,-6
53926,D65C,-97.0914,-97.0914,-6
53927,E3C6,-97.1082,-97.1082,-6
53928,11R,-96.37417,-96.37417,-6
53929,1F0,-97.1225,-97.1225,-6
53930,ADH,-96.67111,-96.67111,-6
53931,AIZ,-92.55306,-92.55306,-6
53932,AQR,-96.14806,-96.14806,-6
53933,AVK,-98.66972,-98.66972,-6
53934,BVX,-91.64722,-91.64722,-6
53935,CHK,-97.96611,-97.96611,-6
53936,CQB,-96.82,-96.82,-6
53937,DUA,-96.39444,-96.39444,-6
53938,DUC,-97.95083,-97.95083,-6
53939,EWK,-97.27472,-97.27472,-6
53940,GCM,-95.47944,-95.47944,-6
53941,GMJ,-94.73833,-94.73833,-6
53942,GTU,-97.67944,-97.67944,-6
53943,IER,-93.09917,-93.09917,-6
53944,IJX,-90.23833,-90.23833,-6
53945,JAS,-94.03472,-94.03472,-6
53946,JSV,-94.80278,-94.80278,-6
53947,JWG,-98.42056,-98.42056,-6
53948,OCH,-94.70944,-94.70944,-6
53949,OKM,-95.94861,-95.94861,-6
53950,PPQ,-90.77833,-90.77833,-6
53951,PVJ,-97.22306,-97.22306,-6
53952,PWG,-97.31639,-97.31639,-6
53953,RKR,-94.62111,-94.62111,-6
53954,ROG,-94.10667,-94.10667,-6
53955,SLG,-94.49083,-94.49083,-6
53956,TQH,-95.00444,-95.00444,-6
53957,WWR,-99.52083,-99.52083,-6
53958,RSN,-92.58833,-92.58833,-6
53959,AWM,-90.23444,-90.23444,-6
53960,52B2,-91.8731,-91.8731,-6
53961,41C4,-92.1165,-92.1165,-6
53962,OSA,-94.96139,-94.96139,-6
53963,LBR,-95.06361,-95.06361,-6
53964,LUD,-97.58056,-97.58056,-6
53965,RPH,-98.55528,-98.55528,-6
53966,JWY,-96.9125,-96.9125,-6
53967,GYI,-96.67361,-96.67361,-6
53968,A236,-95.7232,-95.7232,-6
53969,F05,-99.28389,-99.28389,-6
53970,HQZ,-96.53056,-96.53056,-6
53971,JSO,-95.2175,-95.2175,-6
53972,INJ,-97.09722,-97.09722,-6
53973,LHB,-96.62222,-96.62222,-6
53974,76A4,-96.6098,-96.6098,-6
53975,LNC,-96.71917,-96.71917,-6
53976,XBP,-97.82833,-97.82833,-6
53977,GDJ,-97.81694,-97.81694,-6
53978,JDD,-95.49639,-95.49639,-6
53979,GYB,-96.98,-96.98,-6
53981,CPT,-97.43389,-97.43389,-6
53982,JXI,-94.94889,-94.94889,-6
53983,AQO,-98.66194,-98.66194,-6
53984,GPM,-97.04667,-97.04667,-6
53985,SRC,-91.73694,-91.73694,-6
53986,WDG,-97.8,-97.8,-6
53988,BKB,-92.96667,-92.96667,-6
53989,AMM,-96.92639,-96.92639,-6
53990,4O4,-94.85944,-94.85944,-6
53991,ACP,-92.68833,-92.68833,-6
53992,BQP,-91.88056,-91.88056,-6
53993,CUH,-96.77306,-96.77306,-6
53995,L75,-93.37611,-93.37611,-6
53996,MEZ,-94.2025,-94.2025,-6
53997,MKN,-98.60028,-98.60028,-6
53998,ORG,-93.80361,-93.80361,-6
53999,RQO,-98.00583,-98.00583,-6
54704,OWD,-71.17361,-71.17361,-5
54723,MUI,-76.56667,-76.56667,-5
54728,HIE,-71.545,-71.545,-5
54733,BVY,-70.9175,-70.9175,-5
54734,DXR,-73.48278,-73.48278,-5
54735,LBE,-79.4,-79.4,-5
54736,LCI,-71.43333,-71.43333,-5
54737,LNS,-76.29444,-76.29444,-5
54738,MMU,-74.41667,-74.41667,-5
54739,UNV,-77.85,-77.85,-5
54740,VSF,-72.51778,-72.51778,-5
54742,1V4,-72.01944,-72.01944,-5
54743,CDW,-74.28306,-74.28306,-5
54746,MSV,-74.795,-74.795,-5
54752,OQU,-71.41213,-71.41213,-5
54754,ASH,-71.51667,-71.51667,-5
54756,ORE,-72.29111,-72.29111,-5
54757,ELZ,-77.99194,-77.99194,-5
54758,EFK,-72.23333,-72.23333,-5
54760,BLM,-74.13333,-74.13333,-5
54767,IJD,-72.18361,-72.18361,-5
54768,AQW,-73.16667,-73.16667,-5
54769,PYM,-70.72944,-70.72944,-5
54770,AFN,-72.00361,-72.00361,-5
54771,MVL,-72.61444,-72.61444,-5
54772,IZG,-70.9475,-70.9475,-5
54773,FZY,-76.38472,-76.38472,-5
54777,TAN,-71.02111,-71.02111,-5
54778,PEO,-77.05639,-77.05639,-5
54779,12N,-74.73667,-74.73667,-5
54780,MTP,-71.92333,-71.92333,-5
54781,DDH,-73.24694,-73.24694,-5
54782,PTW,-75.55722,-75.55722,-5
54785,SMQ,-74.66944,-74.66944,-5
54786,DYL,-75.1225,-75.1225,-5
54787,FRG,-73.41694,-73.41694,-5
54788,MMK,-72.82778,-72.82778,-5
54789,MPO,-75.37944,-75.37944,-5
54790,HWV,-72.86889,-72.86889,-5
54791,DAW,-70.92222,-70.92222,-5
54792,FIG,-78.41167,-78.41167,-5
54793,FWN,-74.62306,-74.62306,-5
54794,4430,-70.9277,-70.9277,-5
54795,32A0,-70.9484,-70.9484,-5
54796,5746,-71.5413,-71.5413,-5
54797,62DC,-71.5417,-71.5417,-5
54807,OKK,-86.05889,-86.05889,-5
54808,073A,-88.3729,-88.3729,-6
54809,ASW,-85.84,-85.84,-5
54810,1678,-86.92,-86.92,-5
54811,144C,-88.8513,-88.8513,-6
54813,P53,-86.65,-86.65,-5
54816,AMN,-84.68806,-84.68806,-5
54817,BAX,-82.98556,-82.98556,-5
54818,FKS,-86.20083,-86.20083,-5
54819,ONZ,-83.16111,-83.16111,-5
54820,MCD,-84.63722,-84.63722,-5
54821,RMY,-84.95556,-84.95556,-5
54822,TEW,-84.43306,-84.43306,-5
54823,TTF,-83.43472,-83.43472,-5
54824,RNP,-84.13889,-84.13889,-5
54825,PZQ,-83.81306,-83.81306,-5
54826,LWA,-86.25611,-86.25611,-5
54827,IRS,-85.43333,-85.43333,-5
54828,CFS,-83.44556,-83.44556,-5
54829,VLL,-83.17806,-83.17806,-5
54831,BMI,-88.95,-88.95,-6
54832,CLI,-88.73139,-88.73139,-6
54833,DLL,-89.77361,-89.77361,-6
54834,RYV,-88.71667,-88.71667,-6
54838,EGV,-89.26889,-89.26889,-6
54844,DRM,-83.74278,-83.74278,-5
54850,HAI,-85.59333,-85.59333,-5
54851,D366,-81.7829,-81.7829,-5
54852,PCZ,-89.01972,-89.01972,-6
54854,81E0,-84.7203,-84.7203,-5
54901,CFE,-93.84333,-93.84333,-6
54902,4604,-93.2855,-93.2855,-6
54903,23E2,-90.1737,-90.1737,-6
54904,BBB,-95.65056,-95.65056,-6
54905,CQM,-92.68944,-92.68944,-6
54906,JYG,-94.55778,-94.55778,-6
54907,MRJ,-90.23611,-90.23611,-6
54908,SUW,-92.09444,-92.09444,-6
54909,RPD,-91.77333,-91.77333,-6
54910,SAZ,-94.80639,-94.80639,-6
54911,MDZ,-90.30333,-90.30333,-6
54912,OEO,-92.69,-92.69,-6
54913,PBH,-90.40222,-90.40222,-6
54914,PNM,-93.60806,-93.60806,-6
54915,PWC,-94.38167,-94.38167,-6
54916,ACQ,-93.55306,-93.55306,-6
54917,AQP,-96.00722,-96.00722,-6
54919,OOA,-92.49083,-92.49083,-6
54920,CKP,-95.55583,-95.55583,-6
54921,BVN,-98.05444,-98.05444,-6
54922,BWP,-96.60722,-96.60722,-6
54923,CNB,-96.26611,-96.26611,-6
54924,DVP,-95.7825,-95.7825,-6
54925,LCG,-96.98306,-96.98306,-6
54926,LYV,-96.21583,-96.21583,-6
54927,PEX,-94.74611,-94.74611,-6
54928,RCX,-91.00056,-91.00056,-6
54930,SYN,-93.01639,-93.01639,-6
54931,TKC,-95.60722,-95.60722,-6
54932,9296,-92.9936,-92.9936,-6
54933,227E,-99.1296,-99.1296,-6
54937,9762,-99.4778,-99.4778,-6
54939,TVK,-92.901,-92.901,-6
54940,FXY,-93.6241,-93.6241,-6
54941,IFA,-93.20707,-93.20707,-6
54942,I75,-93.68913,-93.68913,-6
54943,PRO,-94.15983,-94.15983,-6
54953,TKV,-89.80556,-89.80556,-6
56401,C11C,-145.5003,-145.5003,-9
61705,NSTU,-170.71361,-170.71361,-11
63801,JQF,-80.49056,-80.49056,-5
63802,LNP,-82.53,-82.53,-5
63803,LZU,-83.96333,-83.96333,-5
63804,MDQ,-86.55722,-86.55722,-6
63805,MKJ,-81.34972,-81.34972,-5
63806,MTV,-80.01833,-80.01833,-5
63807,MWK,-80.55278,-80.55278,-5
63808,OLV,-89.78667,-89.78667,-6
63809,OPN,-84.26417,-84.26417,-5
63810,PRG,-87.66944,-87.66944,-6
63811,RHP,-83.86528,-83.86528,-5
63812,RUQ,-80.52028,-80.52028,-5
63813,RYY,-84.59861,-84.59861,-5
63814,SAR,-89.69861,-89.69861,-6
63815,SME,-84.61472,-84.61472,-5
63816,SVH,-80.95667,-80.95667,-5
63817,TAZ,-89.32778,-89.32778,-6
63818,TBR,-81.73722,-81.73722,-5
63819,TNB,-81.65,-81.65,-5
63820,UCY,-88.98528,-88.98528,-6
63821,UKF,-81.09833,-81.09833,-5
63822,VDI,-82.37194,-82.37194,-5
63823,VQQ,-81.87639,-81.87639,-5
63824,VUJ,-80.15056,-80.15056,-5
63825,TZR,-83.13333,-83.13333,-5
63826,83D4,-81.3279,-81.3279,-5
63827,6V3,-81.79806,-81.79806,-5
63828,B64E,-84.4706,-84.4706,-5
63829,C0DE,-84.4465,-84.4465,-5
63831,F544,-89.0703,-89.0703,-6
63832,W22,-80.27389,-80.27389,-5
63833,ALX,-85.96278,-85.96278,-6
63834,27A,-82.81583,-82.81583,-5
63835,BIJ,-84.89528,-84.89528,-5
63836,HQU,-82.51639,-82.51639,-5
63837,HXD,-80.7,-80.7,-5
63838,7350,-84.7465,-84.7465,-5
63839,3A1,-86.85833,-86.85833,-6
63840,CUL,-88.12306,-88.12306,-6
63841,RSV,-87.64972,-87.64972,-6
63842,DQH,-82.86056,-82.86056,-5
63843,EHO,-81.60111,-81.60111,-5
63844,1A5,-83.41917,-83.41917,-5
63846,JYL,-81.59639,-81.59639,-5
63847,4A9,-85.72139,-85.72139,-6
63848,47A,-84.42389,-84.42389,-5
63849,A538,-86.2325,-86.2325,-6
63850,F7BE,-83.3896,-83.3896,-5
63851,M30,-88.75056,-88.75056,-6
63852,HSA,-89.45472,-89.45472,-6
63853,AJG,-87.72667,-87.72667,-6
63855,906C,-85.1345,-85.1345,-6
63856,831A,-81.4596,-81.4596,-5
63857,739E,-85.9621,-85.9621,-6
63858,A5F6,-87.2422,-87.2422,-6
63859,MRN,-81.61056,-81.61056,-5
63862,807C,-85.6171,-85.6171,-6
63866,C376,-86.3156,-86.3156,-6
63867,B5E6,-86.7963,-86.7963,-6
63868,E59A,-87.3462,-87.3462,-6
63869,C010,-87.8757,-87.8757,-6
63870,0J4,-86.31167,-86.31167,-6
63871,1J0,-85.60139,-85.60139,-6
63872,EUF,-85.12889,-85.12889,-6
63873,HEY,-85.66667,-85.66667,-6
63874,PRN,-86.61083,-86.61083,-6
63875,1A6,-83.7375,-83.7375,-5
63876,3I2,-82.09861,-82.09861,-5
63877,3J7,-83.13889,-83.13889,-5
63878,3LF,-89.67472,-89.67472,-6
63879,48I,-80.65167,-80.65167,-5
63880,8A0,-86.25583,-86.25583,-6
63881,DBN,-82.98528,-82.98528,-5
63882,EKQ,-84.85611,-84.85611,-5
63883,HUA,-86.68472,-86.68472,-6
63884,I16,-81.55917,-81.55917,-5
63885,JKA,-87.67167,-87.67167,-6
63886,MLJ,-83.24056,-83.24056,-5
63887,MWO,-84.39528,-84.39528,-5
63888,SGH,-83.84,-83.84,-5
63889,GYH,-82.37639,-82.37639,-5
63890,NEN,-81.88306,-81.88306,-5
63891,278A,-86.6115,-86.6115,-6
63892,F6EC,-88.1374,-88.1374,-6
63893,0166,-87.6226,-87.6226,-6
63894,A690,-87.6399,-87.6399,-6
63895,D000,-87.7104,-87.7104,-6
63896,930A,-85.9998,-85.9998,-6
63897,1210,-86.9787,-86.9787,-6
63898,24EC,-86.5707,-86.5707,-5
63899,511A,-87.0518,-87.0518,-6
63901,AXS,-99.33806,-99.33806,-6
63903,DNK,-92.9656,-92.9656,-6
64705,BTP,-79.94972,-79.94972,-5
64706,IDI,-79.1,-79.1,-5
64707,OXC,-73.13333,-73.13333,-5
64708,PVC,-70.22111,-70.22111,-5
64709,SFM,-70.70778,-70.70778,-5
64710,SFZ,-71.49111,-71.49111,-5
64752,LOM,-75.26667,-75.26667,-5
64753,UKT,-75.38194,-75.38194,-5
64756,60E8,-73.7422,-73.7422,-5
64758,5572,-76.2462,-76.2462,-5
64761,HTO,-72.25183,-72.25183,-5
64773,1P1,-71.75361,-71.75361,-5
64774,GHG,-70.67222,-70.67222,-5
64775,RME,-75.41167,-75.41167,-5
64776,PBG,-73.46667,-73.46667,-5
70701,NKW,72.4,72.4,6
73801,5086,-87.5914,-87.5914,-6
73802,43F0,-86.3115,-86.3115,-6
73803,6480,-86.0573,-86.0573,-6
73805,ECP,-85.788,-85.788,-6
87601,NZCM,166.73333,166.73333,0
92762,T008,-77.43,-77.43,-5
92802,RRF,-82.62583,-82.62583,-5
92805,PMP,-80.10833,-80.10833,-5
92806,SPG,-82.6275,-82.6275,-5
92808,EVB,-80.94833,-80.94833,-5
92809,HWO,-80.24111,-80.24111,-5
92811,MIBF,-80.1334,-80.1334,-5
92813,ISM,-81.43694,-81.43694,-5
92814,SGJ,-81.33972,-81.33972,-5
92815,SUA,-80.22083,-80.22083,-5
92816,VDF,-82.34528,-82.34528,-5
92817,VVG,-81.96667,-81.96667,-5
92821,E406,-80.6929,-80.6929,-5
92822,OMN,-81.1125,-81.1125,-5
92824,PCM,-82.16417,-82.16417,-5
92825,TPF,-82.44917,-82.44917,-5
92826,1482,-81.3183,-81.3183,-5
92827,1176,-81.3689,-81.3689,-5
93005,DRO,-107.76028,-107.76028,-7
93007,GUC,-106.93333,-106.93333,-7
93009,LXV,-106.31694,-106.31694,-7
93010,LIC,-103.71583,-103.71583,-7
93013,MTJ,-107.89889,-107.89889,-7
93026,DUG,-109.6061,-109.6061,-7
93027,SJN,-109.37917,-109.37917,-7
93033,CNM,-104.258,-104.258,-7
93034,HOB,-103.2125,-103.2125,-7
93035,MRF,-104.01667,-104.01667,-6
93037,COS,-104.6884,-104.6884,-7
93040,ONM,-106.9,-106.9,-7
93041,LRU,-106.91667,-106.91667,-7
93042,DHT,-102.55,-102.55,-6
93045,TCS,-107.26806,-107.26806,-7
93046,HHF,-100.4,-100.4,-6
93057,GNT,-107.90222,-107.90222,-7
93058,PUB,-104.4983,-104.4983,-7
93063,SVC,-108.16667,-108.16667,-7
93065,AFF,-104.81667,-104.81667,-7
93067,APA,-104.84889,-104.84889,-7
93069,CEZ,-108.62639,-108.62639,-7
93073,ASE,-106.87056,-106.87056,-7
93075,CNY,-109.76278,-109.76278,-7
93076,EHA,-101.88333,-101.88333,-6
93083,SRR,-105.51667,-105.51667,-7
93084,SAD,-109.63528,-109.63528,-7
93091,LAM,-106.28333,-106.28333,-7
93092,E33,-106.58333,-106.58333,-7
93097,ALM,-105.99056,-105.99056,-7
93101,NZJ,-117.73333,-117.73333,-8
93102,NFL,-118.71667,-118.71667,-8
93104,NID,-117.6931,-117.6931,-8
93107,NKX,-117.13333,-117.13333,-8
93110,OXR,-119.20694,-119.20694,-8
93111,NTD,-119.11667,-119.11667,-8
93112,NZY,-117.2,-117.2,-8
93114,NTK,-117.83333,-117.83333,-8
93115,NRS,-117.11667,-117.11667,-8
93116,NSI,-119.45816,-119.45816,-8
93117,NUC,-118.58806,-118.58806,-8
93121,NXP,-116.16667,-116.16667,-8
93129,CDC,-113.0944,-113.0944,-7
93132,U28,-110.15,-110.15,-7
93134,CQT,-118.2911,-118.2911,-8
93136,MWS,-118.06667,-118.06667,-8
93138,PSP,-116.50528,-116.50528,-8
93141,PUC,-110.75472,-110.75472,-7
93144,VIS,-119.4,-119.4,-8
93167,IGM,-113.933,-113.933,-7
93184,SNA,-117.86639,-117.86639,-8
93193,FAT,-119.7194,-119.7194,-8
93194,IYK,-117.83333,-117.83333,-8
93197,SMO,-118.45139,-118.45139,-8
93201,TRK,-120.13944,-120.13944,-8
93203,CIC,-121.85,-121.85,-8
93205,MYV,-121.5677,-121.5677,-8
93206,SBP,-120.64139,-120.64139,-8
93209,PRB,-120.6283,-120.6283,-8
93210,OVE,-121.61833,-121.61833,-8
93214,VBG,-120.56667,-120.56667,-8
93216,BAB,-121.43333,-121.43333,-8
93225,SMF,-121.58972,-121.58972,-8
93226,87Q,-121.28472,-121.28472,-8
93227,APC,-122.2847,-122.2847,-8
93228,HWD,-122.115,-122.115,-8
93230,TVL,-119.9947,-119.9947,-8
93231,SQL,-122.25,-122.25,-8
93232,RHV,-121.81667,-121.81667,-8
93241,VCB,-121.9575,-121.9575,-8
93242,MAE,-120.11056,-120.11056,-8
93243,26D8,-120.8825,-120.8825,-8
93244,IZA,-120.07556,-120.07556,-8
93245,A2F8,-123.0747,-123.0747,-8
93706,HGR,-77.72972,-77.72972,-5
93714,PTB,-77.5,-77.5,-5
93718,CRE,-78.72389,-78.72389,-5
93719,EWN,-77.048,-77.048,-5
93720,SBY,-75.51028,-75.51028,-5
93721,BWI,-76.6833,-76.6833,-5
93726,ISO,-77.63333,-77.63333,-5
93727,NCA,-77.43966,-77.43966,-5
93728,DAA,-77.18333,-77.18333,-5
93729,HSE,-75.6219,-75.6219,-5
93730,ACY,-74.5672,-74.5672,-5
93733,FME,-76.76667,-76.76667,-5
93735,FAF,-76.6,-76.6,-5
93736,CHO,-78.45306,-78.45306,-5
93737,FBG,-78.93333,-78.93333,-5
93738,IAD,-77.4636,-77.4636,-5
93739,WAL,-75.4708,-75.4708,-5
93740,FAY,-78.88028,-78.88028,-5
93741,PHF,-76.49306,-76.49306,-5
93743,NJM,-77.03333,-77.03333,-5
93744,MTN,-76.41667,-76.41667,-5
93747,HFF,-79.5,-79.5,-5
93753,OAJ,-77.61667,-77.61667,-5
93757,HSP,-79.81667,-79.81667,-5
93759,RWI,-77.89306,-77.89306,-5
93760,SHD,-78.89639,-78.89639,-5
93762,RYT,-77.43333,-77.43333,-5
93764,GAI,-77.16667,-77.16667,-5
93765,MRH,-76.66056,-76.66056,-5
93773,AKQ,-77.00722,-77.00722,-5
93775,OFP,-77.43444,-77.43444,-5
93776,KNIS,-76.86667,-76.86667,-5
93778,THV,-76.87417,-76.87417,-5
93780,VAY,-74.84167,-74.84167,-5
93781,RZZ,-77.70972,-77.70972,-5
93782,MEB,-79.36611,-79.36611,-5
93783,BUY,-79.47694,-79.47694,-5
93784,DMH,-76.6089,-76.6089,-5
93785,IGX,-79.06417,-79.06417,-5
93786,OXB,-75.12389,-75.12389,-5
93795,VVS,-79.65694,-79.65694,-5
93796,ASJ,-77.17083,-77.17083,-5
93797,AVC,-78.05444,-78.05444,-5
93798,CJR,-77.85861,-77.85861,-5
93799,CPC,-78.71472,-78.71472,-5
93801,RMG,-85.16111,-85.16111,-5
93804,SPA,-81.95,-81.95,-5
93805,TLH,-84.35333,-84.35333,-5
93806,TCL,-87.6161,-87.6161,-6
93807,INT,-80.22222,-80.22222,-5
93808,BWG,-86.4238,-86.4238,-6
93809,CIR,-89.21944,-89.21944,-6
93810,MDH,-89.24972,-89.24972,-6
93812,LUK,-84.41889,-84.41889,-5
93814,CVG,-84.67167,-84.67167,-5
93815,DAY,-84.21861,-84.21861,-5
93816,1H2,-88.53333,-88.53333,-6
93817,EVV,-87.5205,-87.5205,-6
93819,IND,-86.2788,-86.2788,-5
93820,LEX,-84.6058,-84.6058,-5
93821,SDF,-85.7391,-85.7391,-5
93822,SPI,-89.6839,-89.6839,-6
93824,ZZV,-81.89222,-81.89222,-5
93831,NBC,-80.71667,-80.71667,-5
93832,NZC,-81.88333,-81.88333,-5
93837,NIP,-81.66667,-81.66667,-5
93839,NQA,-89.86667,-89.86667,-6
93841,NSE,-87.01667,-87.01667,-6
93842,CSG,-84.9422,-84.9422,-5
93845,VLD,-83.27667,-83.27667,-5
93846,AND,-82.7097,-82.7097,-5
93862,TUP,-88.7713,-88.7713,-6
93874,GPT,-89.0808,-89.0808,-6
93894,MVN,-88.85833,-88.85833,-6
93901,KNBE,-96.96667,-96.96667,-6
93909,IXD,-94.88972,-94.88972,-6
93911,SNL,-96.94333,-96.94333,-6
93915,AEX,-92.55861,-92.55861,-6
93919,MCB,-90.4708,-90.4708,-6
93929,GLE,-97.19694,-97.19694,-6
93937,SLR,-95.61667,-95.61667,-6
93940,ADM,-97.01667,-97.01667,-6
93942,BBD,-99.32444,-99.32444,-6
93943,BWD,-98.95,-98.95,-6
93947,T82,-98.90972,-98.90972,-6
93950,MLC,-95.783,-95.783,-6
93953,MKO,-95.36139,-95.36139,-6
93955,PRX,-95.45,-95.45,-6
93967,CFV,-95.56639,-95.56639,-6
93978,PTT,-98.74694,-98.74694,-6
93983,PSN,-95.70639,-95.70639,-6
93984,TPL,-97.41667,-97.41667,-6
93985,MWL,-98.0602,-98.0602,-6
93986,HBR,-99.0525,-99.0525,-6
93987,LFK,-94.75444,-94.75444,-6
93988,PBF,-91.93472,-91.93472,-6
93989,UIN,-91.19194,-91.19194,-6
93990,HLC,-99.82972,-99.82972,-6
93991,ARG,-90.92444,-90.92444,-6
93992,ELD,-92.81417,-92.81417,-6
93993,FYV,-94.1694,-94.1694,-6
93996,FAM,-90.42833,-90.42833,-6
93997,RSL,-98.80917,-98.80917,-6
93999,VKS,-90.93333,-90.93333,-6
94008,GGW,-106.6214,-106.6214,-7
94011,MIB,-101.35,-101.35,-6
94012,HVR,-109.7633,-109.7633,-7
94014,ISN,-103.6366,-103.6366,-6
94015,FCS,-104.75667,-104.75667,-7
94017,OLF,-105.57444,-105.57444,-7
94023,GCC,-105.54194,-105.54194,-7
94025,HDN,-107.2175,-107.2175,-7
94028,SDY,-104.18333,-104.18333,-7
94030,VEL,-109.51278,-109.51278,-7
94032,CUT,-103.61139,-103.61139,-7
94033,SBS,-106.86667,-106.86667,-7
94035,FNL,-105.01667,-105.01667,-7
94037,2WX,-103.54639,-103.54639,-7
94038,HEI,-102.65472,-102.65472,-7
94039,IEN,-102.51833,-102.51833,-7
94040,MCK,-100.59139,-100.59139,-6
94041,N60,-101.43944,-101.43944,-6
94050,EEO,-107.88861,-107.88861,-7
94051,JDN,-106.9475,-106.9475,-7
94052,MBG,-100.40778,-100.40778,-6
94053,TOR,-104.1584,-104.1584,-7
94054,BYG,-106.72111,-106.72111,-7
94055,BHK,-104.25,-104.25,-7
94056,D07,-102.01917,-102.01917,-7
94057,DGW,-105.38028,-105.38028,-7
94059,A0CC,-105.2096,-105.2096,-7
94060,9556,-105.1018,-105.1018,-7
94061,42V,-101.54694,-101.54694,-6
94063,OGA,-101.76806,-101.76806,-6
94070,9V2,-101.02528,-101.02528,-6
94073,IBM,-103.67083,-103.67083,-6
94074,6728,-104.7552,-104.7552,-7
94075,232C,-105.5409,-105.5409,-7
94076,20V,-106.36889,-106.36889,-7
94077,16B6,-103.7363,-103.7363,-7
94078,138C,-108.6686,-108.6686,-7
94079,3094,-101.445,-101.445,-7
94080,C2EA,-103.3769,-103.3769,-7
94081,D19C,-103.3017,-103.3017,-7
94082,C224,-108.9677,-108.9677,-7
94084,C71E,-102.1702,-102.1702,-6
94085,D468,-100.353,-100.353,-6
94086,PNA,-109.80694,-109.80694,-7
94087,TIF,-100.56861,-100.56861,-6
94088,3108,-104.4363,-104.4363,-7
94092,766A,-103.1417,-103.1417,-7
94094,31C6,-108.1996,-108.1996,-7
94103,8931,-118.33333,-118.33333,-8
94107,REO,-117.86444,-117.86444,-8
94119,DEW,-117.42833,-117.42833,-8
94128,LGU,-111.85333,-111.85333,-7
94129,PUW,-117.10861,-117.10861,-8
94161,SUN,-114.3,-114.3,-7
94163,WYS,-111.11667,-111.11667,-7
94173,P60,-110.42111,-110.42111,-7
94176,SFF,-117.32139,-117.32139,-8
94178,TWF,-114.48694,-114.48694,-7
94182,MYL,-116.10167,-116.10167,-7
94184,U78,-111.58333,-111.58333,-7
94185,BNO,-118.9564,-118.9564,-8
94186,77M,-113.3688,-113.3688,-7
94187,HMS,-119.6,-119.6,-8
94190,AWH,-115.8008,-115.8008,-8
94194,RXE,-111.80444,-111.80444,-7
94195,EUL,-116.63333,-116.63333,-7
94196,5J0,-118.96333,-118.96333,-8
94197,OMK,-119.516944,-119.516944,-8
94204,CZK,-121.88333,-121.88333,-8
94224,AST,-123.8825,-123.8825,-8
94225,HQM,-123.9302,-123.9302,-8
94227,SHN,-123.1408,-123.1408,-8
94236,LMT,-121.72417,-121.72417,-8
94239,EAT,-120.2013,-120.2013,-8
94240,UIL,-124.555,-124.555,-8
94248,RNT,-122.21444,-122.21444,-8
94261,HIO,-122.94861,-122.94861,-8
94263,PWT,-122.76667,-122.76667,-8
94266,CLM,-123.49833,-123.49833,-8
94273,MMV,-123.13389,-123.13389,-8
94274,TIW,-122.57611,-122.57611,-8
94276,FHR,-123.02306,-123.02306,-8
94281,UAO,-122.76861,-122.76861,-8
94282,BVS,-122.41667,-122.41667,-8
94285,LKV,-120.4,-120.4,-8
94290,SEW,-122.2553,-122.2553,-8
94297,KNRA,-122.63333,-122.63333,-8
94298,VUO,-122.65722,-122.65722,-8
94299,AAT,-120.56444,-120.56444,-8
94601,RKD,-69.1,-69.1,-5
94605,40B,-69.53333,-69.53333,-5
94623,IWI,-69.71167,-69.71167,-5
94624,CQX,-69.99333,-69.99333,-5
94626,GNR,-69.59528,-69.59528,-5
94644,D3A8,-68.7006,-68.7006,-5
94645,E632,-67.8833,-67.8833,-5
94700,BML,-71.17861,-71.17861,-5
94702,BDR,-73.12889,-73.12889,-5
94704,DSV,-77.71333,-77.71333,-5
94705,MPV,-72.5623,-72.5623,-5
94709,LEW,-70.28333,-70.28333,-5
94720,HYA,-70.28,-70.28,-5
94721,EEN,-72.26667,-72.26667,-5
94723,LWM,-71.12389,-71.12389,-5
94724,MVY,-70.615,-70.615,-5
94725,MSS,-74.84583,-74.84583,-5
94726,EWB,-70.95833,-70.95833,-5
94728,NYC,-73.96917,-73.96917,-5
94732,PNE,-75.01111,-75.01111,-5
94733,PLB,-73.52306,-73.52306,-5
94737,RUT,-72.95,-72.95,-5
94740,SLK,-74.20667,-74.20667,-5
94741,TEB,-74.06139,-74.06139,-5
94745,HPN,-73.7075,-73.7075,-5
94746,ORH,-71.8731,-71.8731,-5
94761,ITH,-76.46667,-76.46667,-5
94765,LEB,-72.30472,-72.30472,-5
94789,JFK,-73.76222,-73.76222,-5
94790,ART,-76.0217,-76.0217,-5
94793,BID,-71.57778,-71.57778,-5
94794,UCA,-75.38389,-75.38389,-5
94814,HTL,-84.6738,-84.6738,-5
94815,AZO,-85.55194,-85.55194,-5
94817,PTK,-83.41806,-83.41806,-5
94818,RAC,-87.81361,-87.81361,-6
94822,RFD,-89.093,-89.093,-6
94823,PIT,-80.2144,-80.2144,-5
94830,TOL,-83.80139,-83.80139,-5
94833,GUS,-86.15,-86.15,-5
94836,SAW,-87.4,-87.4,-5
94846,ORD,-87.9336,-87.9336,-6
94847,DTW,-83.3308,-83.3308,-5
94849,APN,-83.5644,-83.5644,-5
94850,MQT,-87.5491,-87.5491,-5
94852,MZZ,-85.68333,-85.68333,-5
94853,ESC,-87.08333,-87.08333,-5
94854,JVL,-89.03333,-89.03333,-6
94855,OSH,-88.55694,-88.55694,-6
94860,GRR,-85.52389,-85.52389,-5
94868,FKL,-79.86667,-79.86667,-5
94869,MWC,-88.0306,-88.0306,-6
94870,CMI,-88.27778,-88.27778,-6
94871,BEH,-86.4284,-86.4284,-5
94889,ARB,-83.74444,-83.74444,-5
94890,CWA,-89.66667,-89.66667,-6
94891,DNV,-87.6,-87.6,-6
94892,DPA,-88.24639,-88.24639,-6
94893,IMT,-88.11444,-88.11444,-6
94894,MBL,-86.25,-86.25,-5
94895,MIE,-85.39361,-85.39361,-5
94896,MNM,-87.63333,-87.63333,-5
94897,MTW,-87.66667,-87.66667,-6
94898,P58,-82.79306,-82.79306,-5
94899,P59,-87.88333,-87.88333,-5
94902,BKX,-96.8,-96.8,-6
94908,DBQ,-90.70361,-90.70361,-6
94910,ALO,-92.4011,-92.4011,-6
94911,YKN,-97.3633,-97.3633,-6
94915,T005,-104.77,-104.77,-7
94918,3NO,-96.01667,-96.01667,-6
94919,GPZ,-93.50972,-93.50972,-6
94925,RDR,-97.4,-97.4,-6
94926,IWD,-90.13333,-90.13333,-5
94927,OTG,-95.5802,-95.5802,-6
94928,DVL,-98.9,-98.9,-6
94929,ASX,-90.91889,-90.91889,-6
94930,VOK,-90.26667,-90.26667,-6
94931,HIB,-92.83889,-92.83889,-6
94933,FOD,-94.18333,-94.18333,-6
94938,BRD,-94.13083,-94.13083,-6
94940,CMY,-90.73333,-90.73333,-6
94943,9V9,-99.31833,-99.31833,-6
94946,BBW,-99.63333,-99.63333,-6
94947,BIE,-96.75389,-96.75389,-6
94948,FRM,-94.41667,-94.41667,-6
94949,HSI,-98.4258,-98.4258,-6
94950,MHE,-98.0384,-98.0384,-6
94951,OLU,-97.35,-97.35,-6
94956,TVF,-96.18333,-96.18333,-6
94957,FNB,-95.59194,-95.59194,-6
94958,ODX,-98.94833,-98.94833,-6
94959,GBG,-90.43333,-90.43333,-6
94960,MIC,-93.35083,-93.35083,-6
94961,BDE,-94.6,-94.6,-6
94962,DTL,-95.88333,-95.88333,-6
94963,FCM,-93.4705,-93.4705,-6
94964,ELO,-91.83333,-91.83333,-6
94966,FFM,-96.15,-96.15,-6
94967,PKD,-95.06778,-95.06778,-6
94968,AEL,-93.36667,-93.36667,-6
94969,FBL,-93.31667,-93.31667,-6
94971,EST,-94.74722,-94.74722,-6
94973,HYR,-91.44417,-91.44417,-6
94974,ANE,-93.21667,-93.21667,-6
94975,ANW,-100.00056,-100.00056,-6
94976,MML,-95.81667,-95.81667,-6
94977,CDD,-92.48333,-92.48333,-6
94978,TQE,-96.17778,-96.17778,-6
94979,CWI,-90.33333,-90.33333,-6
94982,DVN,-90.59139,-90.59139,-6
94985,MFI,-90.1875,-90.1875,-6
94988,MIW,-92.91611,-92.91611,-6
94989,AMW,-93.61889,-93.61889,-6
94990,ICR,-99.84222,-99.84222,-6
94991,LWD,-93.9008,-93.9008,-6
94992,GNA,-90.34444,-90.34444,-6
94993,8D3,-96.99139,-96.99139,-6
94994,OVS,-90.6775,-90.6775,-6
94995,C52A,-96.5651,-96.5651,-6
94996,B3BA,-96.8541,-96.8541,-6
94997,ADC,-95.21167,-95.21167,-6
94998,ADU,-94.91667,-94.91667,-6
94999,AIT,-93.67667,-93.67667,-6
96401,IEC,-149.90667,-149.90667,-9
96402,JVM,-148.9088,-148.9088,-9
96404,63D0,-141.2083,-141.2083,-9
,,155.01667,155.01667,11
,,169.65,169.65,12
,,168.83333,168.83333,12
,,162.95,162.95,12
,,169.85,169.85,12
,,153.81667,153.81667,10
,,170.25,170.25,12
